상장유형,시장구분,종목명,상장일,공모가,공모금액,공모주식수,신주모집,구주매출,경쟁률,상장주식수,유통가능주식수,상장주선인
신규상장,KQ,코오롱생명과학,2009-04-07,23500 ,16920000 ,,,,,3420000 ,,삼성증권(주)
신규상장,KQ,뷰웍스,2009-04-10,9000 ,9450000 ,,,,,6047910 ,,한국투자증권(주)
신규상장,KQ,에스앤에스텍,2009-04-14,4000 ,9200000 ,,,,,10915980 ,,대우증권(주)
신규상장,KQ,에이테크솔루션,2009-04-17,5400 ,2700000 ,,,,,10000000 ,,현대증권(주)
신규상장,KQ,엔에스브이,2009-04-17,4300 ,10900500 ,,,,,8450000 ,,대우증권(주)
신규상장,KQ,에스티오,2009-04-17,5000 ,4700000 ,,,,,4998801 ,,삼성증권(주)
신규상장,KQ,티플랙스,2009-04-23,3000 ,3176910 ,,,,,5753000 ,,미래에셋증권(주)
신규상장,KQ,네프로아이티,2009-04-24,4500 ,3600000 ,,,,,3400000 ,,삼성증권(주)
신규상장,KQ,우림피티에스,2009-04-28,10000 ,19580000 ,,,,,8687300 ,,유안타증권(주)
신규상장,KQ,신텍,2009-04-30,12500 ,17500000 ,,,,,5450217 ,,엔에이치투자증권주식회사
신규상장,KQ,흥국,2009-05-12,4200 ,4713156 ,,,,,5328000 ,,한국투자증권(주)
신규상장,KQ,SDN,2009-05-19,10000 ,31496800 ,,,,,10000000 ,,미래에셋증권(주)
신규상장,KQ,한국정밀기계,2009-05-19,22000 ,50490000 ,,,,,7640000 ,,현대증권(주)
신규상장,KQ,에이치디,2009-05-21,8500 ,20825000 ,,,,,8150000 ,,메리츠종합금융증권(주)
신규상장,KQ,스맥,2009-05-26,3500 ,2091863 ,,,,,5650000 ,,미래에셋증권(주)
신규상장,KQ,이엔에프테크놀로지,2009-05-28,5500 ,14850000 ,,,,,14200000 ,,한국투자증권(주)
신규상장,KQ,차이나그레이트,2009-05-29,1700 ,51000000 ,,,,,100000000 ,,엔에이치투자증권(주)(농협)
신규상장,KQ,위메이드맥스,2009-06-03,55000 ,47891250 ,,,,,3400000 ,,교보증권(주)
신규상장,KQ,어보브반도체,2009-06-05,3300 ,4059000 ,,,,,10546833 ,,한국투자증권(주)
신규상장,KQ,동일금속,2009-07-28,8000 ,16800000 ,,,,,7000000 ,,유안타증권(주)
신규상장,KQ,게임빌,2009-07-30,15000 ,12600000 ,,,,,5484780 ,,유안타증권(주)
신규상장,KQ,에스앤더블류,2009-08-05,6700 ,5360000 ,,,,,7200000 ,,대신증권(주)
신규상장,KQ,동국S&C,2009-08-31,11000 ,251430300 ,,,,,57143000 ,,삼성증권(주)
신규상장,KQ,제넥신,2009-09-15,27000 ,27000000 ,,,,,4022870 ,,"교보증권(주),대우증권(주)"
신규상장,KQ,톱텍,2009-09-15,10400 ,20800000 ,,,,,5600000 ,,에이치엠씨투자증권(주)
신규상장,KQ,디에스케이,2009-09-23,5000 ,7500000 ,,,,,6000000 ,,신한금융투자(주)
신규상장,KQ,모린스,2009-09-25,39000 ,53134068 ,,,,,7093439 ,,"엔에이치투자증권주식회사,현대증권(주)"
신규상장,KQ,케이엔더블유,2009-09-29,11000 ,9900000 ,,,,,4400000 ,,키움증권(주)
신규상장,KQ,아이앤씨,2009-10-06,16000 ,37120000 ,,,,,11581182 ,,미래에셋증권(주)
신규상장,KQ,NHN벅스,2009-10-06,9000 ,24599232 ,,,,,10140936 ,,엔에이치투자증권주식회사
신규상장,KQ,한스바이오메드,2009-10-09,5500 ,4273500 ,,,,,7766243 ,,한국투자증권(주)
신규상장,KQ,스틸플라워,2009-10-27,13500 ,23625000 ,,,,,13000000 ,,미래에셋증권(주)
신규상장,KQ,비츠로셀,2009-10-28,5500 ,17600000 ,,,,,12676375 ,,현대증권(주)
신규상장,KQ,상상인인더스트리,2009-11-06,6300 ,4725000 ,,,,,4334000 ,,미래에셋증권(주)
신규상장,KQ,진매트릭스,2009-11-06,8000 ,6400000 ,,,,,3761000 ,,삼성증권(주)
신규상장,KQ,동방선기,2009-11-10,4000 ,7199840 ,,,,,6000000 ,,신한금융투자(주)
신규상장,KQ,에이프로젠 H&G,2009-11-13,10000 ,3750000 ,,,,,1875000 ,,대우증권(주)
신규상장,KQ,강원,2009-11-20,4700 ,6580000 ,,,,,5300000 ,,현대증권(주)
신규상장,KQ,이원컴포텍,2009-12-01,2000 ,2903036 ,,,,,5000000 ,,신영증권(주)
신규상장,KQ,에스앤씨엔진그룹,2009-12-04,6000 ,60000000 ,,,,,40000000 ,,신한금융투자(주)
신규상장,KQ,셀바스AI,2009-12-10,9000 ,6444000 ,,,,,3577166 ,,한화투자증권(주)
신규상장,KQ,멜파스,2009-12-18,43200 ,53752291 ,,,,,5149001 ,,한국투자증권(주)
신규상장,KQ,위메이드,2009-12-18,62000 ,130200000 ,,,,,7140000 ,,엔에이치투자증권주식회사
신규상장,KQ,ITX-AI,2009-12-22,6000 ,7758000 ,,,,,5733000 ,,한화투자증권(주)
신규상장,KQ,디와이피엔에프,2009-12-22,12000 ,20400000 ,,,,,6500000 ,,에이치엠씨투자증권(주)
신규상장,KQ,KPX생명과학,2009-12-22,6200 ,34100000 ,,,,,15000000 ,,미래에셋증권(주)
신규상장,KQ,글로벌에스엠,2009-12-23,3200 ,18540864 ,,,,,31694020 ,,미래에셋증권(주)
신규상장,KQ,코디,2010-01-05,6000 ,6048972 ,,,,,4868354 ,,동부증권(주)
신규상장,KQ,승화프리텍,2010-01-06,6700 ,8937800 ,,,,,5334000 ,,한화투자증권(주)
신규상장,KQ,폴라리스우노,2010-01-15,6500 ,16945500 ,,,,,10500000 ,,SK증권(주)
신규상장,KQ,아세아텍,2010-01-26,4100 ,18040000 ,,,,,17500000 ,,IBK투자증권(주)
신규상장,KQ,우리넷,2010-01-27,6700 ,6412972 ,,,,,5528580 ,,한국투자증권(주)
신규상장,KQ,스타플렉스,2010-01-27,15000 ,21000000 ,,,,,5400000 ,,대신증권(주)
신규상장,KQ,금강제강,2010-02-02,15000 ,14999985 ,,,,,5600000 ,,하이투자증권(주)
신규상장,KQ,모베이스,2010-02-04,13200 ,18942000 ,,,,,6000000 ,,미래에셋증권(주)
신규상장,KQ,지스마트글로벌,2010-02-04,17500 ,32900000 ,,,,,4697433 ,,삼성증권(주)
신규상장,KQ,차이나하오란,2010-02-05,4700 ,47000000 ,,,,,40000000 ,,신한금융투자(주)
신규상장,KQ,하이소닉,2010-02-09,13000 ,10400000 ,,,,,4762169 ,,한화투자증권(주)
신규상장,KQ,인포바인,2010-02-09,33000 ,14850000 ,,,,,2970000 ,,한국투자증권(주)
신규상장,KQ,이미지스,2010-02-26,6000 ,9960000 ,,,,,4913521 ,,교보증권(주)
신규상장,KQ,미래에셋스팩1호,2010-03-12,1500 ,20000001 ,,,,,13933334 ,,미래에셋증권(주)
신규상장,KQ,삼기,2010-03-19,6000 ,20004000 ,,,,,3859000 ,,현대증권(주)
신규상장,KQ,지트리비앤티,2010-03-26,11000 ,11510895 ,,,,,4182000 ,,교보증권(주)
신규상장,KQ,씨케이에이치,2010-03-31,3700 ,88800000 ,,,,,80000000 ,,엔에이치투자증권주식회사
신규상장,KQ,케이씨에스,2010-04-14,1600 ,5760000 ,,,,,12000000 ,,삼성증권(주)
신규상장,KQ,애머릿지,2010-04-21,7500 ,13875000 ,,,,,7000000 ,,(주)골든브릿지투자증권
신규상장,KQ,이스트아시아홀딩스,2010-04-23,5000 ,29995000 ,,,,,23000000 ,,교보증권(주)
신규상장,KQ,모바일리더,2010-05-25,15000 ,9000000 ,,,,,2998000 ,,한화투자증권(주)
신규상장,KQ,서진오토모티브,2010-05-25,5000 ,37500000 ,,,,,8250000 ,,신한금융투자(주)
신규상장,KQ,인피니트헬스케어,2010-05-26,5200 ,15600000 ,,,,,23470467 ,,삼성증권(주)
신규상장,KQ,투비소프트,2010-06-01,8000 ,3160000 ,,,,,2048120 ,,한국투자증권(주)
신규상장,KQ,LX세미콘,2010-06-08,67000 ,67000000 ,,,,,6505720 ,,한국투자증권(주)
신규상장,KQ,엑스큐어,2010-06-09,5000 ,4375000 ,,,,,4373900 ,,한국투자증권(주)
신규상장,KQ,히든챔피언스팩1호,2010-06-11,2000 ,30000000 ,,,,,16100000 ,,삼성증권(주)
신규상장,KQ,오르비텍,2010-06-15,8500 ,15300000 ,,,,,7117336 ,,교보증권(주)
신규상장,KQ,유비벨록스,2010-06-18,11000 ,11000000 ,,,,,5410776 ,,한국투자증권(주)
신규상장,KQ,지유온,2010-06-18,13000 ,11465766 ,,,,,3150000 ,,엔에이치투자증권주식회사
신규상장,KQ,알톤스포츠,2010-07-02,1000 ,19700000 ,,,,,20220000 ,,신영증권(주)
신규상장,KQ,한화SV스팩1호,2010-07-09,5000 ,20000000 ,,,,,4200000 ,,한화투자증권(주)
신규상장,KQ,에스디시스템,2010-07-16,14800 ,14060000 ,,,,,3800000 ,,대우증권(주)
신규상장,KQ,크루셜텍,2010-07-21,23500 ,28326618 ,,,,,8289547 ,,미래에셋증권(주)
신규상장,KQ,웨이포트,2010-07-23,1400 ,19558000 ,,,,,55880000 ,,메리츠종합금융증권(주)
신규상장,KQ,하이텍팜,2010-07-28,11500 ,24150000 ,,,,,7000000 ,,에이치엠씨투자증권(주)
신규상장,KQ,인터로조,2010-07-28,12000 ,12134208 ,,,,,4814000 ,,한화투자증권(주)
신규상장,KQ,이글루시큐리티,2010-08-04,14000 ,21000000 ,,,,,7500000 ,,미래에셋증권(주)
신규상장,KQ,엠에스오토텍,2010-08-06,5500 ,15840000 ,,,,,8200000 ,,에이치엠씨투자증권(주)
신규상장,KQ,한국스팩1호,2010-08-24,2200 ,23100000 ,,,,,11290000 ,,한국투자증권(주)
신규상장,KQ,대신증권그로쓰스팩,2010-08-24,2000 ,20000000 ,,,,,10960000 ,,대신증권(주)
신규상장,KQ,에스비아이앤솔로몬스팩,2010-08-24,1250 ,20000000 ,,,,,17000000 ,,아이엠투자증권(주)
신규상장,KQ,코리아에프티,2010-08-27,4000 ,25000000 ,,,,,6784000 ,,"교보증권(주),KTB투자증권(주)"
신규상장,KQ,화신정공,2010-08-31,2000 ,23560000 ,,,,,12500000 ,,에이치엠씨투자증권(주)
신규상장,KQ,씨젠,2010-09-10,30500 ,19413250 ,,,,,6158820 ,,"대신증권(주),대우증권(주)"
신규상장,KQ,와이솔,2010-09-10,8000 ,8000000 ,,,,,10200000 ,,한화투자증권(주)
신규상장,KQ,하이비젼시스템,2010-09-10,2000 ,19000000 ,,,,,10210000 ,,이베스트투자증권(주)
신규상장,KQ,다원시스,2010-09-14,11000 ,14868810 ,,,,,6400000 ,,하이투자증권(주)
신규상장,KQ,성융광전투자유한공사,2010-09-15,2800 ,50400000 ,,,,,72000000 ,,대우증권(주)
신규상장,KQ,알파홀딩스,2010-09-17,12000 ,7200000 ,,,,,4016448 ,,현대증권(주)
신규상장,KQ,포메탈,2010-09-17,6000 ,10800000 ,,,,,5987340 ,,IBK투자증권(주)
신규상장,KQ,한일진공,2010-10-05,2000 ,20000000 ,,,,,10540000 ,,키움증권(주)
신규상장,KQ,아이씨케이,2010-10-19,2800 ,4200000 ,,,,,10937077 ,,한화투자증권(주)
신규상장,KQ,지나인제약,2010-10-22,5800 ,6960000 ,,,,,4650271 ,,대우증권(주)
신규상장,KQ,인화정공,2010-10-22,26000 ,31200000 ,,,,,4344504 ,,신한금융투자(주)
신규상장,KQ,누리플랜,2010-10-26,5500 ,6050000 ,,,,,4310000 ,,에이치엠씨투자증권(주)
신규상장,KQ,아이텍,2010-10-26,9100 ,8190000 ,,,,,4612500 ,,대우증권(주)
신규상장,KQ,부국퓨쳐스타즈스팩,2010-10-29,2000 ,11800000 ,,,,,6670000 ,,부국증권(주)
신규상장,KQ,KNN,2010-11-03,9000 ,11970000 ,,,,,13242972 ,,미래에셋증권(주)
신규상장,KQ,KH 일렉트론,2010-11-05,8800 ,17600000 ,,,,,9500000 ,,현대증권(주)
신규상장,KQ,아나패스,2010-11-05,52000 ,24440000 ,,,,,3366190 ,,"대우증권(주),IBK투자증권(주)"
신규상장,KQ,선데이토즈,2010-11-10,4000 ,20000000 ,,,,,5232000 ,,하나금융투자(주)
신규상장,KQ,디케이락,2010-11-12,7500 ,15000000 ,,,,,6200000 ,,신한금융투자(주)
신규상장,KQ,코프라,2010-11-12,7000 ,12320000 ,,,,,5800000 ,,미래에셋증권(주)
신규상장,KQ,한국전자인증,2010-11-19,1600 ,2240000 ,,,,,21400000 ,,한국투자증권(주)
신규상장,KQ,시그네틱스,2010-11-26,2600 ,36526963 ,,,,,77288319 ,,"신한금융투자(주),미래에셋증권(주)"
신규상장,KQ,썬텍,2010-11-26,6800 ,7172681 ,,,,,4200000 ,,대신증권(주)
신규상장,KQ,티비씨,2010-11-29,7500 ,7500000 ,,,,,10000000 ,,부국증권(주)
신규상장,KQ,에이루트,2010-12-01,5500 ,8250000 ,,,,,5000000 ,,신한금융투자(주)
신규상장,KQ,디에이치피코리아,2010-12-03,4000 ,27000000 ,,,,,7250000 ,,하이투자증권(주)
신규상장,KQ,동부티에스블랙펄스팩,2010-12-08,2000 ,22500000 ,,,,,12300000 ,,동부증권(주)
신규상장,KQ,대정화금,2010-12-20,9200 ,21160000 ,,,,,5537272 ,,에이치엠씨투자증권(주)
신규상장,KQ,IBKS스팩1호,2010-12-22,1000 ,20000000 ,,,,,20880000 ,,IBK투자증권(주)
신규상장,KQ,이브이첨단소재,2010-12-27,2700 ,10800000 ,,,,,15000000 ,,한국투자증권(주)
신규상장,KQ,인텍플러스,2011-01-05,7000 ,7000000 ,,,,,8005000 ,,한국투자증권(주)
신규상장,KQ,티에스이,2011-01-05,45000 ,36549000 ,,,,,3248298 ,,한국투자증권(주)
신규상장,KQ,알서포트,2011-01-05,2500 ,20000000 ,,,,,8620001 ,,케이비투자증권(주)
신규상장,KQ,씨그널엔터테인먼트그룹,2011-01-24,8500 ,7582000 ,,,,,3400000 ,,신영증권(주)
신규상장,KQ,다나와,2011-01-24,14000 ,20141044 ,,,,,6600000 ,,한국투자증권(주)
신규상장,KQ,블루콤,2011-01-26,12000 ,32400000 ,,,,,9600000 ,,엔에이치투자증권주식회사
신규상장,KQ,인트론바이오,2011-01-26,6100 ,3050000 ,,,,,9163333 ,,신한금융투자(주)
신규상장,KQ,엘비세미콘,2011-01-31,4700 ,37600000 ,,,,,43274592 ,,한국투자증권(주)
신규상장,KQ,제이엔케이히터,2011-01-31,13600 ,27200000 ,,,,,8000000 ,,엔에이치투자증권주식회사
신규상장,KQ,딜리,2011-01-31,8000 ,11760000 ,,,,,5470000 ,,현대증권(주)
신규상장,KQ,케이아이엔엑스,2011-02-08,8000 ,5760000 ,,,,,4800000 ,,하나금융투자(주)
신규상장,KQ,티피씨글로벌,2011-02-08,5200 ,6760000 ,,,,,5610345 ,,신영증권(주)
신규상장,KQ,나노신소재,2011-02-09,17000 ,30243000 ,,,,,7116000 ,,한국투자증권(주)
신규상장,KQ,부스타,2011-02-23,4200 ,8568000 ,,,,,8160000 ,,에이치엠씨투자증권(주)
신규상장,KQ,티케이케미칼,2011-04-26,5000 ,198000000 ,,,,,90000000 ,,엔에이치투자증권주식회사
신규상장,KQ,이퓨쳐,2011-04-27,6400 ,5760000 ,,,,,3635000 ,,삼성증권(주)
신규상장,KQ,골프존뉴딘홀딩스,2011-05-20,85000 ,170000000 ,,,,,12283023 ,,한국투자증권(주)
신규상장,KQ,KMH,2011-05-25,9500 ,29391480 ,,,,,12375360 ,,IBK투자증권(주)
신규상장,KQ,엘아이에스,2011-06-02,34000 ,24598286 ,,,,,3600000 ,,엔에이치투자증권주식회사
신규상장,KQ,완리,2011-06-13,4100 ,50020000 ,,,,,48696351 ,,삼성증권(주)
신규상장,KQ,스카이이앤엠,2011-06-14,14000 ,16399600 ,,,,,4270000 ,,SK증권(주)
신규상장,KQ,넥스트아이,2011-06-14,10000 ,10000000 ,,,,,5810945 ,,한국투자증권(주)
신규상장,KQ,유니드코리아,2011-06-17,5800 ,9912954 ,,,,,6800000 ,,부국증권(주)
신규상장,KQ,서연탑메탈,2011-06-24,6500 ,21450000 ,,,,,11650000 ,,현대증권(주)
신규상장,KQ,대양전기공업,2011-07-08,9000 ,25650000 ,,,,,9495300 ,,삼성증권(주)
신규상장,KQ,옵티시스,2011-07-12,7600 ,5320000 ,,,,,5636000 ,,키움증권(주)
신규상장,KQ,나이벡,2011-07-13,10000 ,7340000 ,,,,,2935996 ,,대신증권(주)
신규상장,KQ,상아프론테크,2011-07-21,6000 ,15000000 ,,,,,12289470 ,,한국투자증권(주)
신규상장,KQ,시티랩스,2011-07-29,7100 ,9478500 ,,,,,5100040 ,,유안타증권(주)
신규상장,KQ,제닉,2011-08-03,22000 ,19800000 ,,,,,3922909 ,,교보증권(주)
신규상장,KQ,아이씨디,2011-08-05,34000 ,52700000 ,,,,,7721832 ,,유안타증권(주)
신규상장,KQ,제이씨케미칼,2011-08-08,7200 ,24048000 ,,,,,13340000 ,,삼성증권(주)
신규상장,KQ,화진,2011-08-10,4300 ,12304880 ,,,,,12100000 ,,에이치엠씨투자증권(주)
신규상장,KQ,원익피앤이,2011-09-27,8000 ,12000000 ,,,,,6176000 ,,교보증권(주)
신규상장,KQ,대한과학,2011-10-11,3000 ,4200000 ,,,,,5525130 ,,대우증권(주)
신규상장,KQ,로보스타,2011-10-17,5800 ,6805888 ,,,,,7800000 ,,미래에셋증권(주)
신규상장,KQ,케이맥,2011-10-25,14500 ,17400000 ,,,,,6188500 ,,현대증권(주)
신규상장,KQ,원익테라세미콘,2011-11-01,13500 ,16200000 ,,,,,8045902 ,,"삼성증권(주),엘아이지투자증권(주)"
신규상장,KQ,씨엔플러스,2011-11-02,11500 ,9200000 ,,,,,4150001 ,,한국투자증권(주)
신규상장,KQ,에스엠코어,2011-11-08,8500 ,13396000 ,,,,,6643000 ,,한국투자증권(주)
신규상장,KQ,씨큐브,2011-11-08,5750 ,5510731 ,,,,,5500000 ,,대신증권(주)
신규상장,KQ,테크윙,2011-11-10,23000 ,14950000 ,,,,,4771040 ,,한국투자증권(주)
신규상장,KQ,에이티세미콘,2011-11-11,2400 ,24000000 ,,,,,46330294 ,,미래에셋증권(주)
신규상장,KQ,에디슨EV,2011-11-18,9500 ,9137100 ,,,,,3600000 ,,하이투자증권(주)
신규상장,KQ,와이지엔터테인먼트,2011-11-23,34000 ,42382326 ,,,,,4986157 ,,대우증권(주)
신규상장,KQ,이엠넷,2011-11-25,6400 ,9600000 ,,,,,5500000 ,,케이비투자증권(주)
신규상장,KQ,신진에스엠,2011-11-28,15000 ,13500000 ,,,,,4500000 ,,한화투자증권(주)
신규상장,KQ,에스에프씨,2011-11-30,14000 ,22860600 ,,,,,6432621 ,,엔에이치투자증권주식회사
신규상장,KQ,비덴트,2011-12-01,12000 ,12600000 ,,,,,5250000 ,,한국투자증권(주)
신규상장,KQ,키네마스터,2011-12-02,6000 ,3975600 ,,,,,6625551 ,,신한금융투자(주)
신규상장,KQ,파인넥스,2011-12-05,65000 ,52650000 ,,,,,5995369 ,,한국투자증권(주)
신규상장,KQ,씨유메디칼,2011-12-15,12000 ,9600000 ,,,,,4780806 ,,현대증권(주)
신규상장,KQ,서암기계공업,2011-12-19,3800 ,11970000 ,,,,,12600000 ,,한국투자증권(주)
신규상장,KQ,시큐브,2011-12-21,4900 ,4458226 ,,,,,6200000 ,,SK증권(주)
신규상장,KQ,나이스디앤비,2011-12-22,1700 ,6664000 ,,,,,15400000 ,,대신증권(주)
신규상장,KQ,디엔에이링크,2011-12-26,7700 ,5069819 ,,,,,4115930 ,,미래에셋증권(주)
신규상장,KQ,원익머트리얼즈,2011-12-28,27000 ,45029277 ,,,,,5800000 ,,유안타증권(주)
신규상장,KQ,메지온,2012-01-20,24000 ,54408000 ,,,,,8068000 ,,엔에이치투자증권주식회사
신규상장,KQ,남화토건,2012-01-31,3000 ,9000000 ,,,,,11740000 ,,에이치엠씨투자증권(주)
신규상장,KQ,뉴로스,2012-02-15,8500 ,4250000 ,,,,,4191242 ,,교보증권(주)
신규상장,KQ,사람인에이치알,2012-02-21,5000 ,12150350 ,,,,,8800000 ,,현대증권(주)
신규상장,KQ,빛샘전자,2012-03-21,4400 ,3432000 ,,,,,5000000 ,,미래에셋증권(주)
신규상장,KQ,비아트론,2012-05-04,15900 ,18285000 ,,,,,9931870 ,,한국투자증권(주)
신규상장,KQ,피엔티,2012-07-06,17000 ,13712846 ,806638 ,806638 ,,1116.89:1,3209547 ,1354294 ,하나금융투자(주)
신규상장,KQ,디지탈옵틱,2012-07-13,11500 ,15807900 ,1374600 ,1374600 ,,596.87:1,5393177 ,2798599 ,신한금융투자(주)
신규상장,KQ,네이블,2012-07-19,9000 ,5400000 ,600000 ,600000 ,,241.42:1,4326601 ,2428235 ,한국투자증권(주)
신규상장,KQ,엠씨넥스,2012-07-25,15000 ,12000000 ,800000 ,800000 ,,1.7:1,5749271 ,3588453 ,한국투자증권(주)
신규상장,KQ,우양에이치씨,2012-07-26,5500 ,13915000 ,,,,,12090183 ,,한화투자증권(주)
신규상장,KQ,나노스,2012-08-02,7000 ,10500000 ,1500000 ,1500000 ,,438.54:1,7316920 ,3332895 ,한화투자증권(주)
신규상장,KQ,모다,2012-09-25,7000 ,4900000 ,700000 ,700000 ,,500.09:1,4908000 ,2568770 ,키움증권(주)
신규상장,KQ,코이즈,2012-09-27,7500 ,8850000 ,1180000 ,1180000 ,,609.99:1,6156166 ,2305550 ,한국투자증권(주)
신규상장,KQ,아바텍,2012-11-06,6300 ,18585000 ,2950000 ,2950000 ,,551.8:1,16000000 ,5382632 ,한국투자증권(주)
신규상장,KQ,와이엠씨,2012-11-15,6000 ,11677914 ,1946319 ,1946319 ,,577.18:1,9731593 ,4678769 ,엔에이치투자증권주식회사
신규상장,KQ,맥스로텍,2012-11-16,7000 ,7000000 ,1000000 ,1000000 ,,1131.8:1,5714280 ,2539405 ,미래에셋증권(주)
신규상장,KQ,디젠스,2012-11-22,1800 ,9000000 ,5000000 ,5000000 ,,710.64:1,18250000 ,4782460 ,엔에이치투자증권주식회사
신규상장,KQ,우리로,2012-11-27,10300 ,21504103 ,2087777 ,2087777 ,,194.87:1,6742878 ,2785992 ,미래에셋증권(주)
신규상장,KQ,SBI핀테크솔루션즈,2012-12-17,3600 ,19229040 ,5341400 ,5341400 ,,2.4:1,21365400 ,4813136 ,하나금융투자(주)
신규상장,KQ,스킨앤스킨,2012-12-27,10000 ,12000000 ,1200000 ,1200000 ,,12.15:1,8074763 ,3008655 ,키움증권(주)
신규상장,KQ,포티스,2013-01-29,3900 ,4853550 ,1244500 ,1244500 ,,834:1,4977833 ,3216522 ,하나금융투자(주)
신규상장,KQ,아이센스,2013-01-30,19000 ,17100000 ,900000 ,900000 ,,714.497:1,8969634 ,5063263 ,엔에이치투자증권주식회사
신규상장,KQ,우리이앤엘,2013-02-05,4900 ,44100000 ,9000000 ,9000000 ,,3.04:1,32000000 ,15862600 ,현대증권(주)
신규상장,KQ,아이원스,2013-02-07,4500 ,9884160 ,2196480 ,2196480 ,,638.66:1,8500000 ,3828272 ,엔에이치투자증권주식회사
신규상장,KQ,지디,2013-02-13,18000 ,43200000 ,2400000 ,2400000 ,,536.3:1,11934061 ,4923648 ,미래에셋증권(주)
신규상장,KQ,제로투세븐,2013-02-19,8300 ,24900000 ,3000000 ,3000000 ,,750.87:1,11540000 ,2581587 ,현대증권(주)
신규상장,KQ,코렌텍,2013-03-05,16000 ,19200000 ,1200000 ,1200000 ,,586.12:1,7883661 ,4715455 ,한국투자증권(주)
신규상장,KQ,윈팩,2013-03-07,4000 ,10109624 ,2527406 ,2527406 ,,39.65:1,14200000 ,5493000 ,키움증권(주)
신규상장,KQ,참존글로벌,2013-04-03,7800 ,8580000 ,1100000 ,1100000 ,,514:1,4221000 ,1137762 ,IBK투자증권(주)
신규상장,KQ,삼목강업,2013-04-30,2600 ,8320000 ,3200000 ,2550000 ,650000 ,276.7887:1,10200000 ,2975892 ,교보증권(주)
신규상장,KQ,레고켐바이오,2013-05-10,15500 ,21700000 ,1400000 ,1400000 ,,605:1,5771250 ,3228720 ,한국투자증권(주)
신규상장,KQ,엑세스바이오,2013-05-30,4500 ,22888431 ,5086318 ,5086318 ,,692:1,26000000 ,8913287 ,"유진투자증권(주),엔에이치투자증권주식회사"
신규상장,KQ,나스미디어,2013-07-17,8800 ,16887200 ,1919000 ,969000 ,950000 ,781.6251:1,8246432 ,1019629 ,케이비투자증권(주)
신규상장,KQ,KG ETS,2013-07-24,3800 ,30827120 ,8112400 ,4056200 ,4056200 ,390.9:1,36000000 ,14336380 ,엔에이치투자증권주식회사
신규상장,KQ,파이오링크,2013-08-01,10500 ,12600000 ,1200000 ,1200000 ,,720.3:1,5142330 ,1937252 ,엘아이지투자증권(주)
신규상장,KQ,GH신소재,2013-08-02,3100 ,7440000 ,2400000 ,2400000 ,,987.8:1,7000000 ,941985 ,미래에셋증권(주)
신규상장,KQ,아미코젠,2013-09-12,25000 ,15762975 ,630519 ,630519 ,,641.43:1,4125000 ,2167807 ,엔에이치투자증권주식회사
신규상장,KQ,지엔씨에너지,2013-10-02,6000 ,7200000 ,1200000 ,1200000 ,,1251:1,4346667 ,1126239 ,교보증권(주)
신규상장,KQ,엘티씨,2013-10-08,20500 ,26728474 ,1303828 ,1303828 ,,702.54:1,6550000 ,2302500 ,키움증권(주)
신규상장,KQ,파수,2013-10-18,5800 ,9280000 ,1600000 ,1600000 ,,449.721594:1,7929695 ,4560420 ,삼성증권(주)
신규상장,KQ,테스나,2013-10-22,13500 ,9767952 ,723552 ,723552 ,,643.73:1,6850000 ,3599650 ,키움증권(주)
신규상장,KQ,내츄럴엔도텍,2013-10-31,40000 ,21200000 ,530000 ,530000 ,,609.82:1,5260120 ,2869217 ,키움증권(주)
신규상장,KQ,해성옵틱스,2013-11-06,6600 ,21615330 ,3275050 ,3275050 ,,249.01:1,16375000 ,7139540 ,엔에이치투자증권주식회사
신규상장,KQ,협진,2013-11-08,8100 ,8505000 ,1050000 ,1050000 ,,472.29:1,6000000 ,2892210 ,한국투자증권(주)
신규상장,KQ,THE MIDONG,2013-11-13,20000 ,19417460 ,970873 ,670873 ,300000 ,585:1,3000000 ,995857 ,엔에이치투자증권주식회사
신규상장,KQ,램테크놀러지,2013-11-18,3900 ,4875000 ,1250000 ,1250000 ,,640.94:1,6826647 ,2564719 ,한국투자증권(주)
신규상장,KQ,라이온켐텍,2013-11-19,12500 ,37011563 ,2960925 ,1943425 ,1017500 ,598:1,10163425 ,1574969 ,하나금융투자(주)
신규상장,KQ,큐브엔터,2013-11-21,2000 ,13000000 ,6500000 ,6500000 ,,1.55:1,7000000 ,6500000 ,엔에이치투자증권주식회사
신규상장,KQ,디엠티,2013-11-26,5700 ,6113632 ,1072567 ,1072567 ,,536:1,7500000 ,2961618 ,하나금융투자(주)
신규상장,KQ,엔브이에이치코리아,2013-12-03,4500 ,38250000 ,8500000 ,8500000 ,,18.4:1,28722222 ,10225866 ,미래에셋증권(주)
신규상장,KQ,현대공업,2013-12-04,7500 ,22525763 ,3003427 ,2603427 ,400000 ,697:1,10000000 ,1846009 ,신영증권(주)
신규상장,KQ,알티캐스트,2013-12-06,8500 ,17000000 ,2000000 ,2000000 ,,570.09:1,18194997 ,8194242 ,한국투자증권(주)
신규상장,KQ,기가레인,2013-12-19,5500 ,21786023 ,3961095 ,3961095 ,,14.446:1,15963213 ,7786264 ,하나금융투자(주)
신규상장,KQ,인트로메딕,2013-12-19,6000 ,4200000 ,700000 ,700000 ,,256.35:1,6952178 ,4811495 ,한국투자증권(주)
신규상장,KQ,SGA솔루션즈,2013-12-20,2000 ,13000000 ,6500000 ,6500000 ,,0.697:1,7000000 ,6500000 ,키움증권(주)
신규상장,KQ,현대이지웰,2013-12-27,4400 ,4400000 ,1000000 ,1000000 ,,568.42:1,9893000 ,5850551 ,한국투자증권(주)
신규상장,KQ,솔루에타,2013-12-27,24000 ,24000000 ,1000000 ,1000000 ,,20.79:1,5129925 ,2474925 ,키움증권(주)
신규상장,KQ,한국정보인증,2014-02-04,1800 ,9720000 ,5400000 ,5400000 ,,922.18:1,26965000 ,5628325 ,현대증권(주)
신규상장,KQ,인터파크,2014-02-06,7700 ,52414462 ,6807073 ,5400000 ,1407073 ,493:1,32430190 ,3748605 ,대우증권(주)
신규상장,KQ,오이솔루션,2014-02-27,10000 ,7769450 ,776945 ,776945 ,,1253.41:1,5179610 ,1434493 ,대신증권(주)
신규상장,KQ,케이사인,2014-04-28,2000 ,14800000 ,7400000 ,7400000 ,,79.7718:1,7715100 ,7400000 ,케이비투자증권(주)
신규상장,KQ,나노,2014-05-08,2000 ,10000000 ,5000000 ,5000000 ,,36.11:1,5500000 ,5000000 ,유진투자증권(주)
신규상장,KQ,캐스텍코리아,2014-05-27,6500 ,16250000 ,2500000 ,2500000 ,,807.52:1,12373089 ,5363729 ,한국투자증권(주)
신규상장,KQ,우성아이비,2014-06-10,2000 ,5000000 ,2500000 ,2500000 ,,284.55:1,2710000 ,2500000 ,하나금융투자(주)
신규상장,KQ,트루윈,2014-07-11,10500 ,12600000 ,1200000 ,1200000 ,,1018.09:1,6336000 ,3167683 ,하나금융투자(주)
신규상장,KQ,콜마비앤에이치,2014-07-23,2000 ,13000000 ,6500000 ,6500000 ,,186.415:1,7000000 ,6299608 ,미래에셋증권(주)
이전상장,KQ,아진엑스텍,2014-07-24,7000 ,7000000 ,1000000 ,1000000 ,,876.27:1,5630000 ,2854957 ,신한금융투자(주)
신규상장,KQ,윈하이텍,2014-07-25,8300 ,21912000 ,2640000 ,1650000 ,990000 ,590:1,6600300 ,1665495 ,엔에이치투자증권주식회사
신규상장,KQ,창해에탄올,2014-07-30,8300 ,15777229 ,1900871 ,794553 ,1106318 ,675.79:1,6175230 ,2181853 ,엔에이치투자증권주식회사
신규상장,KQ,덕신하우징,2014-08-01,13000 ,26000000 ,2000000 ,2000000 ,,899:1,8012000 ,2142891 ,현대증권(주)
신규상장,KQ,파버나인,2014-08-04,12500 ,13750000 ,1100000 ,1100000 ,,173.89:1,4083000 ,1810942 ,"한국투자증권(주),케이비투자증권(주)"
신규상장,KQ,신화콘텍,2014-08-08,9100 ,14560000 ,1600000 ,1600000 ,,99:1,7469661 ,2134795 ,현대증권(주)
신규상장,KQ,고려시멘트,2014-08-13,2000 ,13000000 ,6500000 ,6500000 ,,284.88:1,7000000 ,5880000 ,엔에이치투자증권주식회사
신규상장,KQ,THQ,2014-08-14,11000 ,3960000 ,360000 ,360000 ,,1389.86:1,2406800 ,769581 ,한국투자증권(주)
신규상장,KQ,프로스테믹스,2014-09-30,2000 ,20000000 ,10000000 ,10000000 ,,98.86:1,10520000 ,10000000 ,케이비투자증권(주)
신규상장,KQ,데브시스터즈,2014-10-06,53000 ,143100000 ,2700000 ,2700000 ,,285.28:1,10800000 ,5124954 ,엔에이치투자증권주식회사
이전상장,KQ,메디아나,2014-10-07,6200 ,8928000 ,1440000 ,1440000 ,,12.88:1,7220780 ,2339540 ,케이비투자증권(주)
신규상장,KQ,드림시큐리티,2014-10-13,2000 ,10000000 ,5000000 ,5000000 ,,64.46:1,5500000 ,5000000 ,신한금융투자(주)
신규상장,KQ,대우스팩2호,2014-10-22,2000 ,10500000 ,5250000 ,5250000 ,,0.49:1,5750000 ,4297500 ,대우증권(주)
신규상장,KQ,영우디에스피,2014-10-29,5000 ,6500000 ,1300000 ,1300000 ,,32.32:1,4606182 ,2359194 ,키움증권(주)
이전상장,KQ,테라셈,2014-10-30,3000 ,5400000 ,1800000 ,1800000 ,,54.22:1,13966340 ,5337670 ,한국투자증권(주)
신규상장,KQ,슈피겐코리아,2014-11-05,27500 ,50875000 ,1850000 ,1850000 ,,360.1:1,6216363 ,2023886 ,삼성증권(주)
신규상장,KQ,테고사이언스,2014-11-06,13500 ,7191437 ,532699 ,532699 ,,622.14:1,3560000 ,1212815 ,엔에이치투자증권주식회사
신규상장,KQ,엑셈,2014-11-07,2000 ,7800000 ,3900000 ,3900000 ,,8.89:1,4200000 ,2732537 ,교보증권(주)
신규상장,KQ,현대에이블스팩1호,2014-11-10,2000 ,10000000 ,5000000 ,5000000 ,,1:1,5525000 ,3848647 ,현대증권(주)
신규상장,KQ,액션스퀘어,2014-11-12,2000 ,20000000 ,10000000 ,10000000 ,,0.1729:1,10520000 ,10000000 ,케이비투자증권(주)
신규상장,KQ,디에이테크놀로지,2014-11-19,6600 ,9464400 ,1434000 ,1434000 ,,489.38:1,5243700 ,2539604 ,대신증권(주)
신규상장,KQ,글로벌텍스프리,2014-11-19,2000 ,11000000 ,5500000 ,5500000 ,,,6000000 ,,유안타증권(주)
신규상장,KQ,지엘팜텍,2014-11-20,2000 ,8000000 ,4000000 ,4000000 ,,60.25:1,4500000 ,3778217 ,IBK투자증권(주)
신규상장,KQ,파티게임즈,2014-11-21,13000 ,12480000 ,960000 ,960000 ,,735.997:1,4592400 ,567660 ,엔에이치투자증권주식회사
신규상장,KQ,텔콘RF제약,2014-11-24,14500 ,20300000 ,1400000 ,900000 ,500000 ,482.06:1,5022000 ,1219192 ,대신증권(주)
신규상장,KQ,케이티비스팩1호,2014-11-24,2000 ,10000000 ,5000000 ,5000000 ,,39.53:1,5500000 ,4577700 ,KTB투자증권(주)
신규상장,KQ,휴마시스,2014-12-01,2000 ,10000000 ,5000000 ,5000000 ,,19.86:1,5500000 ,4658469 ,하이투자증권(주)
신규상장,KQ,에프엔씨엔터,2014-12-04,28000 ,39200000 ,1400000 ,1400000 ,,577.37:1,6302915 ,1525370 ,유진투자증권(주)
신규상장,KQ,대창스틸,2014-12-05,2500 ,5500000 ,2200000 ,2200000 ,,568.95:1,14566000 ,2511590 ,하나금융투자(주)
신규상장,KQ,PI첨단소재,2014-12-08,8000 ,102400000 ,12800000 ,2560000 ,10240000 ,45.53:1,29366322 ,10831078 ,한국투자증권(주)
신규상장,KQ,베노홀딩스,2014-12-10,2000 ,10000000 ,5000000 ,5000000 ,,1.21:1,5500000 ,4760000 ,한국투자증권(주)
신규상장,KQ,알테오젠,2014-12-12,26000 ,23400000 ,900000 ,900000 ,,564.78:1,5579333 ,2393823 ,한국투자증권(주)
신규상장,KQ,미스터블루,2014-12-12,2000 ,10000000 ,5000000 ,5000000 ,,23.38:1,5500000 ,5000000 ,동부증권(주)
신규상장,KQ,비씨월드제약,2014-12-15,15700 ,25999859 ,1656042 ,1656042 ,,681.24:1,5855723 ,1495827 ,"대신증권(주),대우증권(주)"
이전상장,KQ,랩지노믹스,2014-12-16,13200 ,3300000 ,250000 ,250000 ,,305.88:1,3966276 ,3012028 ,한국투자증권(주)
신규상장,KQ,에이디테크놀로지,2014-12-16,15000 ,15000000 ,1000000 ,1000000 ,,12.4:1,4009695 ,2295595 ,한국투자증권(주)
신규상장,KQ,녹십자엠에스,2014-12-17,6000 ,12000000 ,2000000 ,2000000 ,,477.08:1,9560000 ,1327541 ,한국투자증권(주)
이전상장,KQ,하이로닉,2014-12-17,51000 ,28050000 ,550000 ,550000 ,,220:1,2774729 ,788317 ,신한금융투자(주)
신규상장,KQ,디티앤씨,2014-12-17,18500 ,39534500 ,2137000 ,2137000 ,,620:1,9437374 ,1834999 ,키움증권(주)
신규상장,KQ,엔에이치SL스팩,2014-12-17,2000 ,4000000 ,2000000 ,2000000 ,,2.51:1,2505000 ,1060000 ,엔에이치투자증권주식회사
신규상장,KQ,정다운,2014-12-17,2000 ,5000000 ,2500000 ,2500000 ,,2.10658:1,2710000 ,2365000 ,엘아이지투자증권(주)
신규상장,KQ,셀바스헬스케어,2014-12-17,2000 ,10000000 ,5000000 ,5000000 ,,1.18:1,5400000 ,,하나금융투자(주)
이전상장,KQ,아이티센,2014-12-23,7500 ,7500000 ,1000000 ,1000000 ,,2.68:1,4311520 ,2024099 ,IBK투자증권(주)
신규상장,KQ,NEW,2014-12-23,16300 ,33764831 ,2071462 ,1796158 ,275304 ,214.69:1,13203053 ,5501849 ,엔에이치투자증권주식회사
신규상장,KQ,아스트,2014-12-24,9500 ,27119470 ,2854681 ,2500000 ,354681 ,4.11:1,12516293 ,6954115 ,케이비투자증권(주)
신규상장,KQ,오킨스전자,2014-12-24,7100 ,13010920 ,1832524 ,1832524 ,,9.084:1,6200000 ,3067901 ,미래에셋증권(주)
신규상장,KQ,서전기전,2014-12-24,6500 ,7884500 ,1213000 ,1213000 ,,8.8874:1,4849390 ,2005000 ,동부증권(주)
신규상장,KQ,지란지교시큐리티,2014-12-24,2000 ,9082200 ,4541100 ,4541100 ,,0.5411:1,5220000 ,5000000 ,케이비투자증권(주)
신규상장,KQ,바이오로그디바이스,2014-12-24,2000 ,10000000 ,5000000 ,5000000 ,,20.8:1,5100000 ,5000000 ,교보증권(주)
신규상장,KQ,하나머스트3호스팩,2014-12-24,2000 ,4500000 ,2250000 ,2250000 ,,19.28:1,2360000 ,,하나금융투자(주)
신규상장,KQ,에이팩트,2014-12-26,1500 ,6534000 ,4356000 ,4356000 ,,72.16:1,17553680 ,10179320 ,대우증권(주)
신규상장,KQ,휴메딕스,2014-12-26,28000 ,28000000 ,1000000 ,1000000 ,,571.55:1,5689031 ,2767108 ,한국투자증권(주)
신규상장,KQ,국일신동,2014-12-29,1700 ,5100000 ,3000000 ,3000000 ,,90.83:1,11090000 ,2807000 ,IBK투자증권(주)
신규상장,KQ,와이제이엠게임즈,2014-12-29,5500 ,3704250 ,673500 ,673500 ,,250.74:1,2693705 ,821500 ,하나금융투자(주)
신규상장,KQ,스튜디오산타클로스,2014-12-29,2000 ,13000000 ,6500000 ,6500000 ,,,6815000 ,6500000 ,현대증권(주)
신규상장,KQ,바디텍메드,2014-12-29,2000 ,8540000 ,4270000 ,4270000 ,,0.55:1,4600000 ,4270000 ,엔에이치투자증권(주)(농협)
신규상장,KQ,썸에이지,2014-12-29,2000 ,30000000 ,15000000 ,15000000 ,,2.4155:1,16000000 ,15000000 ,케이비투자증권(주)
신규상장,KQ,골든브릿지제2호스팩,2015-02-05,2000 ,7000000 ,3500000 ,3500000 ,,210.6:1,3900000 ,3500000 ,(주)골든브릿지투자증권
신규상장,KQ,포시에스,2015-02-11,9100 ,11830000 ,1300000 ,1300000 ,,1162.9281:1,6212799 ,2285357 ,동부증권(주)
신규상장,KQ,FSN,2015-03-25,2000 ,8000000 ,4000000 ,4000000 ,,136.8396:1,5350000 ,4000000 ,케이비투자증권(주)
신규상장,KQ,SK1호스팩,2015-03-31,2000 ,10000000 ,5000000 ,5000000 ,,282:1,5500000 ,3847148 ,SK증권(주)
신규상장,KQ,클래시스,2015-04-03,2000 ,10000000 ,5000000 ,5000000 ,,287:1,5500000 ,3438810 ,KTB투자증권(주)
신규상장,KQ,에이비프로바이오,2015-04-13,15000 ,30900000 ,2060000 ,1660000 ,400000 ,857.34:1,10314800 ,2902637 ,한국투자증권(주)
신규상장,KQ,디알텍,2015-04-20,2000 ,8200000 ,4100000 ,4100000 ,,72.3:1,4433000 ,587236 ,한화투자증권(주)
신규상장,KQ,로보로보,2015-04-22,2000 ,5500000 ,2750000 ,2750000 ,,427.73:1,2800000 ,,하나금융투자(주)
신규상장,KQ,휴센텍,2015-04-28,2000 ,10000000 ,5000000 ,5000000 ,,240.1:1,5500000 ,5000000 ,유진투자증권(주)
신규상장,KQ,이노인스트루먼트,2015-05-08,2000 ,13000000 ,6500000 ,6500000 ,,379:1,7000000 ,2536000 ,엔에이치투자증권주식회사
신규상장,KQ,토박스코리아,2015-05-13,2000 ,5500000 ,2750000 ,2750000 ,,408.8:1,3535000 ,734840 ,대우증권(주)
신규상장,KQ,우정바이오,2015-05-18,2000 ,10000000 ,5000000 ,5000000 ,,79.36:1,5500000 ,1673900 ,한화투자증권(주)
신규상장,KQ,대우스팩3호,2015-05-19,2000 ,10000000 ,5000000 ,5000000 ,,365.65:1,5410000 ,2241600 ,대우증권(주)
신규상장,KQ,미래에셋제3호스팩,2015-05-22,2000 ,11400000 ,5700000 ,5700000 ,,329.34:1,6100000 ,5700000 ,미래에셋증권(주)
신규상장,KQ,제노포커스,2015-05-29,11000 ,13200000 ,1200000 ,1200000 ,,1206.75:1,6754667 ,2389223 ,한국투자증권(주)
신규상장,KQ,디딤,2015-06-10,2000 ,13500000 ,6750000 ,6750000 ,,62.93:1,7450000 ,6750000 ,한화투자증권(주)
신규상장,KQ,픽셀플러스,2015-06-12,30000 ,24000000 ,800000 ,400000 ,400000 ,68.09:1,8166558 ,5511059 ,한국투자증권(주)
신규상장,KQ,엔에이치스팩7호,2015-06-12,2000 ,8400000 ,4200000 ,4200000 ,,289.38:1,4830000 ,1653400 ,엔에이치투자증권주식회사
신규상장,KQ,러셀,2015-06-16,2000 ,8500000 ,4250000 ,4250000 ,,112.6:1,4750000 ,4250000 ,하이투자증권(주)
신규상장,KQ,싸이맥스,2015-06-17,16300 ,25951230 ,1592100 ,1592100 ,,178:1,5354863 ,3071436 ,대신증권(주)
신규상장,KQ,넵튠,2015-06-18,2000 ,10000000 ,5000000 ,5000000 ,,272.26:1,5124000 ,3030265 ,대신증권(주)
신규상장,KQ,미래생명자원,2015-06-18,2000 ,7000000 ,3500000 ,3500000 ,,274.82:1,3530000 ,3500000 ,하나금융투자(주)
이전상장,KQ,베셀,2015-06-19,9000 ,5400000 ,600000 ,600000 ,,680.95:1,4119655 ,2621050 ,키움증권(주)
신규상장,KQ,에스엘바이오닉스,2015-06-25,11300 ,11758305 ,1040558 ,1040558 ,,143.5:1,5200000 ,2721413 ,엔에이치투자증권주식회사
신규상장,KQ,이큐셀,2015-06-26,6500 ,7150000 ,1100000 ,1100000 ,,22.91:1,5813000 ,1499503 ,케이비투자증권(주)
신규상장,KQ,코아스템,2015-06-26,16000 ,40000000 ,2500000 ,2500000 ,,751.91:1,15717440 ,6259341 ,한국투자증권(주)
신규상장,KQ,켐온,2015-06-26,2000 ,13000000 ,6500000 ,6500000 ,,30.84:1,7000000 ,6500000 ,이베스트투자증권(주)
신규상장,KQ,동운아나텍,2015-06-30,10000 ,5000000 ,500000 ,500000 ,,47.76:1,5577000 ,3395606 ,키움증권(주)
신규상장,KQ,유테크,2015-06-30,9000 ,9090000 ,1010000 ,1010000 ,,21.14:1,4915300 ,2207848 ,대신증권(주)
신규상장,KQ,민앤지,2015-06-30,28000 ,39530400 ,1411800 ,847100 ,564700 ,1107.81:1,5682814 ,3079418 ,신한금융투자(주)
신규상장,KQ,RFHIC,2015-06-30,2000 ,13000000 ,6500000 ,6500000 ,,35.096:1,6830000 ,2942500 ,엔에이치투자증권주식회사
신규상장,KQ,골든브릿지제3호스팩,2015-06-30,2000 ,8800000 ,4400000 ,4400000 ,,2.75:1,4900000 ,2821000 ,(주)골든브릿지투자증권
신규상장,KQ,키움스팩3호,2015-07-06,2000 ,13000000 ,6500000 ,6500000 ,,61.23:1,6700000 ,3597667 ,키움증권(주)
신규상장,KQ,유안타제2호스팩,2015-07-17,2000 ,12000000 ,6000000 ,6000000 ,,132:1,6500000 ,6000000 ,유안타증권(주)
신규상장,KQ,한화에이스스팩2호,2015-07-20,2000 ,13250000 ,6625000 ,6625000 ,,11.69:1,7123000 ,4720913 ,한화투자증권(주)
신규상장,KQ,펩트론,2015-07-22,16000 ,13041952 ,815122 ,815122 ,,1093.018:1,5092001 ,3650568 ,엔에이치투자증권주식회사
신규상장,KQ,디와이디대양,2015-07-22,2000 ,12500000 ,6250000 ,6250000 ,,130:1,6350000 ,3300976 ,SK증권(주)
신규상장,KQ,파마리서치,2015-07-24,55000 ,123750000 ,2250000 ,2130000 ,120000 ,560.81:1,8814498 ,1900806 ,"엔에이치투자증권주식회사,IBK투자증권(주),하나금융투자(주)"
신규상장,KQ,켐트로스,2015-07-27,2000 ,5000000 ,2500000 ,2500000 ,,30.99:1,3020000 ,1066150 ,엘아이지투자증권(주)
신규상장,KQ,로지시스,2015-07-29,2500 ,7935125 ,3174050 ,2084500 ,1089550 ,,9340922 ,2353700 ,삼성증권(주)
신규상장,KQ,아이쓰리시스템,2015-07-30,36000 ,18000000 ,500000 ,500000 ,,1506.57:1,3317400 ,986666 ,키움증권(주)
신규상장,KQ,아시아경제,2015-07-31,3600 ,30600000 ,8500000 ,5000000 ,3500000 ,12.31:1,25244030 ,8201979 ,한국투자증권(주)
이전상장,KQ,칩스앤미디어,2015-08-05,10500 ,6825000 ,650000 ,650000 ,,83:1,3397702 ,1763181 ,한국투자증권(주)
신규상장,KQ,케이비제8호스팩,2015-08-05,2000 ,20000000 ,10000000 ,10000000 ,,221.9016:1,10310000 ,10000000 ,케이비투자증권(주)
신규상장,KQ,쎄노텍,2015-08-06,2000 ,6100000 ,3050000 ,3050000 ,,190.3:1,3300000 ,3050000 ,미래에셋증권(주)
신규상장,KQ,흥국에프엔비,2015-08-07,20000 ,36000000 ,1800000 ,1500000 ,300000 ,1002:1,6716250 ,1059218 ,엔에이치투자증권주식회사
신규상장,KQ,마이더스AI,2015-08-13,2000 ,6000000 ,3000000 ,3000000 ,,447.2:1,3100000 ,3000000 ,교보증권(주)
신규상장,KQ,파인텍,2015-08-17,10500 ,11189336 ,1065651 ,1065651 ,,1043:1,4997621 ,2616248 ,엔에이치투자증권주식회사
신규상장,KQ,케이비드림3호스팩,2015-08-21,2000 ,13000000 ,6500000 ,6500000 ,,234:1,6815000 ,2834302 ,현대증권(주)
신규상장,KQ,웹스,2015-08-24,7200 ,11520000 ,1600000 ,1600000 ,,1114.21:1,6254000 ,2077479 ,한국투자증권(주)
신규상장,KQ,교보5호스팩,2015-08-27,2000 ,10200000 ,5100000 ,5100000 ,,485:1,5430000 ,4971336 ,교보증권(주)
신규상장,KQ,맘스터치,2015-08-28,2000 ,12500000 ,6250000 ,6250000 ,,260.74:1,6750000 ,4829205 ,KTB투자증권(주)
신규상장,KQ,씨아이에스,2015-09-02,2000 ,13000000 ,6500000 ,6500000 ,,349.09:1,7000000 ,6500000 ,한국투자증권(주)
신규상장,KQ,유진스팩3호,2015-09-09,2000 ,11500000 ,5750000 ,5750000 ,,265.3:1,6750000 ,5750000 ,유진투자증권(주)
신규상장,KQ,인포마크,2015-09-23,14000 ,12180000 ,870000 ,589000 ,281000 ,381:1,3503708 ,1304423 ,삼성증권(주)
신규상장,KQ,제너셈,2015-09-25,10500 ,13650000 ,1300000 ,1300000 ,,797.33:1,4384587 ,1837634 ,하나금융투자(주)
신규상장,KQ,타이거일렉,2015-09-25,6000 ,9258000 ,1543000 ,1543000 ,,241.92:1,5589290 ,1524679 ,한국투자증권(주)
신규상장,KQ,넷게임즈,2015-09-25,2000 ,15500000 ,7750000 ,7750000 ,,96.518:1,9050000 ,3761500 ,엔에이치투자증권주식회사
신규상장,KQ,패션플랫폼,2015-10-05,2000 ,10000000 ,5000000 ,5000000 ,,198:1,5105000 ,3101954 ,신영증권(주)
신규상장,KQ,한송네오텍,2015-10-06,2000 ,8300000 ,4150000 ,4150000 ,,163.23:1,4450000 ,4150000 ,동부증권(주)
신규상장,KQ,케이엠제약,2015-10-08,2000 ,8000000 ,4000000 ,4000000 ,,177.9:1,4500000 ,2714698 ,IBK투자증권(주)
신규상장,KQ,뉴지랩파마,2015-10-13,8900 ,13494260 ,1516209 ,1275409 ,240800 ,843.36:1,5744821 ,1492828 ,대신증권(주)
신규상장,KQ,이베스트스팩3호,2015-10-19,2000 ,8000000 ,4000000 ,4000000 ,,143.7:1,4100000 ,2750334 ,이베스트투자증권(주)
이전상장,KQ,엑시콘,2015-10-22,10000 ,20000000 ,2000000 ,2000000 ,,9.05:1,8883500 ,5638329 ,IBK투자증권(주)
신규상장,KQ,KH E&T,2015-10-22,2000 ,10000000 ,5000000 ,5000000 ,,215:1,5315000 ,3050750 ,현대증권(주)
신규상장,KQ,엔케이맥스,2015-10-23,17000 ,17123335 ,1007255 ,1007255 ,,1167:1,10072552 ,5383667 ,엔에이치투자증권주식회사
신규상장,KQ,키움스팩4호,2015-10-29,2000 ,20000000 ,10000000 ,10000000 ,,127.04:1,10204000 ,10000000 ,키움증권(주)
신규상장,KQ,연우,2015-11-02,25200 ,60623136 ,2405680 ,2405680 ,,679.95:1,11552600 ,2588370 ,"대우증권(주),에이치엠씨투자증권(주)"
신규상장,KQ,더블유게임즈,2015-11-04,65000 ,277709250 ,4272450 ,4272450 ,,241.18:1,17089768 ,7986426 ,"한국투자증권(주),키움증권(주),대우증권(주)"
신규상장,KQ,본느,2015-11-05,2000 ,12000000 ,6000000 ,6000000 ,,27.52:1,6500000 ,4107421 ,에이치엠씨투자증권(주)
신규상장,KQ,유앤아이,2015-11-12,30000 ,45000000 ,1500000 ,1500000 ,,638.25:1,7037087 ,3797557 ,키움증권(주)
신규상장,KQ,나무가,2015-11-12,37000 ,32486000 ,878000 ,678000 ,200000 ,0.46:1,2924383 ,821864 ,교보증권(주)
이전상장,KQ,아이진,2015-11-16,13500 ,20050970 ,1485257 ,1485257 ,,267.72:1,10000000 ,6285963 ,엔에이치투자증권주식회사
신규상장,KQ,케어젠,2015-11-17,110000 ,178200000 ,1620000 ,1620000 ,,263:1,10710000 ,2032309 ,현대증권(주)
신규상장,KQ,네오오토,2015-11-18,12000 ,18594168 ,1549514 ,919514 ,630000 ,27.56:1,5250000 ,1232907 ,신영증권(주)
신규상장,KQ,엔투텍,2015-11-18,2000 ,12500000 ,6250000 ,6250000 ,,5.07:1,7550000 ,3272000 ,(주)골든브릿지투자증권
이전상장,KQ,매직마이크로,2015-11-19,5500 ,8800000 ,1600000 ,1600000 ,,36.6:1,6222125 ,2784068 ,미래에셋증권(주)
신규상장,KQ,케이디켐,2015-11-19,16000 ,18560000 ,1160000 ,1160000 ,,5.46:1,4034800 ,1139285 ,대신증권(주)
이전상장,KQ,캔서롭,2015-11-20,40000 ,14000000 ,350000 ,350000 ,,1350.05:1,2074820 ,802292 ,신한금융투자(주)
이전상장,KQ,리드,2015-11-20,5100 ,3986058 ,781580 ,781580 ,,32.62:1,4621038 ,3082386 ,대우증권(주)
신규상장,KQ,하이즈항공,2015-11-25,18000 ,78750000 ,4375000 ,3500000 ,875000 ,3.08:1,17446167 ,9255300 ,케이비투자증권(주)
신규상장,KQ,미래테크놀로지,2015-12-01,16100 ,24150000 ,1500000 ,1500000 ,,1.502:1,5500000 ,1216750 ,현대증권(주)
신규상장,KQ,엔에스,2015-12-07,8000 ,7943880 ,992985 ,992985 ,,29.5001:1,4900000 ,1574656 ,케이비투자증권(주)
신규상장,KQ,멕아이씨에스,2015-12-14,4500 ,2475000 ,550000 ,550000 ,,174.29:1,5361500 ,3348540 ,키움증권(주)
이전상장,KQ,예스티,2015-12-16,14500 ,15587500 ,1075000 ,645000 ,430000 ,9.817:1,4327321 ,1818089 ,엔에이치투자증권주식회사
신규상장,KQ,코스맥스엔비티,2015-12-16,21000 ,43680000 ,2080000 ,2080000 ,,2.38:1,10314000 ,4650652 ,동부증권(주)
신규상장,KQ,에치에프알,2015-12-16,2000 ,12893860 ,7000000 ,6466930 ,,0.6:1,8000000 ,7000000 ,하나금융투자(주)
신규상장,KQ,파크시스템스,2015-12-17,9000 ,9000000 ,1000000 ,1000000 ,,7.5587:1,5931155 ,3074697 ,케이비투자증권(주)
신규상장,KQ,보광산업,2015-12-17,4000 ,12000000 ,3000000 ,3000000 ,,172.98:1,11490000 ,2600000 ,하나금융투자(주)
신규상장,KQ,메가엠디,2015-12-18,3000 ,16117392 ,5372464 ,3441854 ,1930610 ,280.826:1,20401568 ,6313040 ,엔에이치투자증권주식회사
신규상장,KQ,동부제4호스팩,2015-12-18,2000 ,10000000 ,5000000 ,5000000 ,,0.75:1,5300000 ,5000000 ,동부증권(주)
신규상장,KQ,에이치엘비제약,2015-12-21,6500 ,6240000 ,960000 ,960000 ,,199.96:1,7023345 ,4957111 ,신한금융투자(주)
신규상장,KQ,강스템바이오텍,2015-12-21,6000 ,12000000 ,2000000 ,2000000 ,,40.92:1,13817150 ,8682375 ,키움증권(주)
신규상장,KQ,아진산업,2015-12-22,6500 ,29250000 ,4500000 ,4500000 ,,0.47:1,12415300 ,5006850 ,미래에셋증권(주)
신규상장,KQ,덱스터,2015-12-22,14000 ,29983296 ,2141664 ,2141664 ,,500.765:1,9630524 ,2214482 ,엔에이치투자증권주식회사
신규상장,KQ,한국맥널티,2015-12-23,8000 ,10000000 ,1250000 ,1250000 ,,479.79:1,4975000 ,1139147 ,키움증권(주)
신규상장,KQ,휴젤,2015-12-24,150000 ,54000000 ,360000 ,360000 ,,91.63:1,3284058 ,1506304 ,"한국투자증권(주),대우증권(주)"
신규상장,KQ,육일씨엔에쓰,2015-12-24,6000 ,4200000 ,700000 ,700000 ,,21.02:1,8522980 ,3112431 ,엘아이지투자증권(주)
신규상장,KQ,경남제약헬스케어,2015-12-24,10000 ,15800000 ,1580000 ,1580000 ,,559:1,5227400 ,1668700 ,엔에이치투자증권주식회사
신규상장,KQ,와이아이케이,2015-12-24,2000 ,20000000 ,10000000 ,10000000 ,,0.03:1,10620000 ,8531000 ,대신증권(주)
신규상장,KQ,에스와이,2015-12-29,5000 ,10679610 ,2135922 ,2135922 ,,363.497:1,6200000 ,2633724 ,미래에셋증권(주)
신규상장,KQ,코디엠,2015-12-29,4700 ,4700000 ,1000000 ,1000000 ,,600:1,3793630 ,1004200 ,미래에셋증권(주)
신규상장,KQ,자안바이오,2016-01-27,13000 ,11700000 ,900000 ,900000 ,,789.84:1,3460340 ,1372486 ,"신한금융투자(주),케이비투자증권(주)"
신규상장,KQ,크리스탈신소재,2016-01-28,3000 ,27900000 ,9300000 ,9300000 ,,179.54:1,61622771 ,18573584 ,신한금융투자(주)
신규상장,KQ,유니트론텍,2016-02-02,14000 ,9170000 ,655000 ,491000 ,164000 ,1112.77:1,3310650 ,1748784 ,하나금융투자(주)
신규상장,KQ,아이엠텍,2016-02-03,7500 ,32250000 ,4300000 ,2700000 ,1600000 ,138.86:1,16787750 ,7096890 ,대우증권(주)
신규상장,KQ,안트로젠,2016-02-15,24000 ,16800000 ,700000 ,700000 ,,1442.55:1,7463435 ,3294525 ,키움증권(주)
신규상장,KQ,큐리언트,2016-02-29,21000 ,32508000 ,1548000 ,1548000 ,,959.28:1,7227262 ,2698521 ,한국투자증권(주)
신규상장,KQ,케이비제9호스팩,2016-02-29,2000 ,27000000 ,13500000 ,13500000 ,,0.2441:1,13815700 ,,케이비투자증권(주)
신규상장,KQ,에이트원,2016-03-02,2000 ,3500000 ,1750000 ,1750000 ,,23.8:1,2000000 ,1567990 ,IBK투자증권(주)
신규상장,KQ,AP위성,2016-03-04,9700 ,31602600 ,3258000 ,3258000 ,,869.667:1,13097740 ,5356587 ,현대증권(주)
신규상장,KQ,하이에이아이1호스팩,2016-03-04,2000 ,9200000 ,4600000 ,4600000 ,,1.16:1,4950000 ,4600000 ,하이투자증권(주)
신규상장,KQ,팬젠,2016-03-11,16500 ,27225000 ,1650000 ,1650000 ,,1072.87:1,7681318 ,4128636 ,한국투자증권(주)
신규상장,KQ,동양파일,2016-04-06,10000 ,80000000 ,8000000 ,4000000 ,4000000 ,2.03:1,20000000 ,8000000 ,대신증권(주)
신규상장,KQ,씨엠에스에듀,2016-04-07,23200 ,28768000 ,1240000 ,834815 ,405185 ,185.81:1,4205350 ,857365 ,"유안타증권(주),삼성증권(주)"
신규상장,KQ,레이언스,2016-04-11,25000 ,100000000 ,4000000 ,4000000 ,,430.31:1,16591014 ,5100755 ,대신증권(주)
신규상장,KQ,줌인터넷,2016-06-09,2000 ,9000000 ,4500000 ,4500000 ,,3.73:1,4800000 ,4500000 ,미래에셋증권(주)
이전상장,KQ,알엔투테크놀로지,2016-06-22,5800 ,3886000 ,670000 ,670000 ,,1433.45:1,6328942 ,2936241 ,하나금융투자(주)
신규상장,KQ,한국4호스팩,2016-06-22,2000 ,10000000 ,5000000 ,5000000 ,,0.37:1,5500000 ,,한국투자증권(주)
신규상장,KQ,녹십자랩셀,2016-06-23,18500 ,37000000 ,2000000 ,2000000 ,,800:1,10554054 ,2751413 ,"하나금융투자(주),엘아이지투자증권(주)"
신규상장,KQ,에스티팜,2016-06-23,29000 ,135256000 ,4664000 ,4664000 ,,236.85:1,18484400 ,5598040 ,"한국투자증권(주),유진투자증권(주)"
신규상장,KQ,로스웰,2016-06-30,3200 ,96000000 ,30000000 ,30000000 ,,328.18:1,90781250 ,23641003 ,신한금융투자(주)
신규상장,KQ,피앤씨테크,2016-07-04,10200 ,27030000 ,2650000 ,2517100 ,132900 ,679.77:1,6496600 ,2342466 ,케이비투자증권(주)
이전상장,KQ,바이오리더스,2016-07-07,15000 ,18000000 ,1200000 ,1200000 ,,1222:1,12354310 ,8276486 ,키움증권(주)
신규상장,KQ,위니아딤채,2016-07-14,6800 ,51000000 ,7500000 ,6500000 ,1000000 ,409.31:1,24111530 ,7791673 ,신영증권(주)
신규상장,KQ,장원테크,2016-07-15,17500 ,26250000 ,1500000 ,1200000 ,300000 ,854.49:1,6045000 ,2110510 ,신한금융투자(주)
이전상장,KQ,폴라리스웍스,2016-07-20,5900 ,4130000 ,700000 ,700000 ,,371.21:1,4429352 ,2825248 ,IBK투자증권(주)
신규상장,KQ,우리손에프앤지,2016-07-27,2210 ,40247481 ,18211530 ,9105780 ,9105750 ,639.97:1,61157490 ,9212632 ,미래에셋대우(주)
신규상장,KQ,엔지스테크널러지,2016-07-28,10000 ,4670000 ,467000 ,467000 ,,582.45:1,3127180 ,1070913 ,교보증권(주)
신규상장,KQ,팍스넷,2016-08-01,5200 ,14398800 ,2769000 ,2769000 ,,946.51:1,11077521 ,5764996 ,한국투자증권(주)
신규상장,KQ,에코마케팅,2016-08-08,35000 ,38500000 ,1100000 ,1100000 ,,1103:1,8128571 ,1301007 ,한국투자증권(주)
신규상장,KQ,헝셩그룹,2016-08-18,3600 ,72000000 ,20000000 ,20000000 ,,0.77:1,80000000 ,19305556 ,신한금융투자(주)
신규상장,KQ,자이글,2016-09-06,11000 ,49280000 ,4480000 ,2240000 ,2240000 ,610.77:1,13530910 ,4410000 ,"케이비투자증권(주),하나금융투자(주)"
신규상장,KQ,나무기술,2016-09-07,2000 ,12000000 ,6000000 ,6000000 ,,0.4449:1,7110000 ,6000000 ,"교보증권(주),(주)비엔케이투자증권"
신규상장,KQ,모비스,2016-09-08,2000 ,12000000 ,6000000 ,6000000 ,,0.75:1,6402000 ,6000000 ,하나금융투자(주)
신규상장,KQ,유니테크노,2016-09-20,10300 ,15450000 ,1500000 ,1500000 ,,1003.29:1,5963760 ,1368263 ,한국투자증권(주)
신규상장,KQ,예선테크,2016-09-29,2000 ,10000000 ,5000000 ,5000000 ,,1.2566:1,5210000 ,5000000 ,케이비투자증권(주)
신규상장,KQ,미투온,2016-10-10,3800 ,27210690 ,7160708 ,7160708 ,,1.15:1,29961122 ,14494567 ,미래에셋증권(주)
신규상장,KQ,수산아이앤티,2016-10-11,11500 ,19550000 ,1700000 ,1700000 ,,13:1,6751000 ,3377177 ,삼성증권(주)
신규상장,KQ,앤디포스,2016-10-12,14500 ,60900000 ,4200000 ,3000000 ,1200000 ,524.19:1,15068965 ,3295957 ,미래에셋대우(주)
신규상장,KQ,잉글우드랩,2016-10-14,6000 ,25200000 ,4200000 ,4200000 ,,350.47:1,17366154 ,4155533 ,하나금융투자(주)
신규상장,KQ,에이치시티,2016-10-17,17000 ,19319820 ,1136460 ,1136460 ,,95.67:1,4579934 ,3400528 ,미래에셋대우(주)
신규상장,KQ,인텔리안테크,2016-10-18,19000 ,27550000 ,1450000 ,1450000 ,,744.63:1,7165110 ,3277019 ,한국투자증권(주)
신규상장,KQ,골든센츄리,2016-10-19,3500 ,27666664 ,7904761 ,7904761 ,,345.43:1,29800000 ,7723009 ,유안타증권(주)
신규상장,KQ,GRT,2016-10-25,5000 ,86875000 ,17375000 ,17375000 ,,7.015:1,67375000 ,15177000 ,엔에이치투자증권주식회사
신규상장,KQ,에이치엘사이언스,2016-10-28,27000 ,40800375 ,1511125 ,1061125 ,450000 ,174.47:1,5142148 ,1137232 ,"미래에셋대우(주),케이비투자증권(주)"
신규상장,KQ,코스메카코리아,2016-10-28,54000 ,72360000 ,1340000 ,1340000 ,,391:1,5340000 ,1396130 ,삼성증권(주)
신규상장,KQ,인크로스,2016-10-31,43000 ,20274500 ,471500 ,292490 ,179010 ,1047.5:1,2939035 ,906264 ,신한금융투자(주)
신규상장,KQ,세화피앤씨,2016-11-02,2000 ,10000000 ,5000000 ,5000000 ,,17.51:1,5315000 ,5000000 ,IBK투자증권(주)
신규상장,KQ,얼라인드,2016-11-03,25500 ,18056448 ,708096 ,708096 ,,208.48:1,3561724 ,1211302 ,신한금융투자(주)
신규상장,KQ,오가닉티코스메틱,2016-11-04,4000 ,57200000 ,14300000 ,14300000 ,,672:1,56925000 ,11507100 ,유진투자증권(주)
신규상장,KQ,클리오,2016-11-09,41000 ,184401600 ,4497600 ,2248800 ,2248800 ,5.683:1,16873215 ,2440535 ,엔에이치투자증권주식회사
신규상장,KQ,SK3호스팩,2016-11-16,2000 ,6600000 ,3300000 ,3300000 ,,0.097:1,3600000 ,3300000 ,SK증권(주)
이전상장,KQ,핸디소프트,2016-11-24,5600 ,10640000 ,1900000 ,1900000 ,,1770.44:1,7459009 ,2909635 ,케이비투자증권(주)
신규상장,KQ,에이치엔티,2016-11-28,10000 ,13500000 ,1350000 ,1350000 ,,996.23:1,6701100 ,3833080 ,키움증권(주)
신규상장,KQ,뉴파워프라즈마,2016-11-30,17500 ,29750000 ,1700000 ,1700000 ,,521.29:1,7903379 ,4121771 ,키움증권(주)
이전상장,KQ,엘앤케이바이오,2016-11-30,15000 ,15345000 ,1023000 ,1023000 ,,317.136:1,9926362 ,6664384 ,엔에이치투자증권주식회사
이전상장,KQ,퓨쳐켐,2016-12-01,15000 ,21000000 ,1400000 ,1400000 ,,474:1,5622139 ,3577728 ,엔에이치투자증권주식회사
신규상장,KQ,오션브릿지,2016-12-01,6600 ,14949000 ,2265000 ,2265000 ,,1135.54:1,8622720 ,2565001 ,대신증권(주)
신규상장,KQ,자비스,2016-12-02,2000 ,8000000 ,4000000 ,4000000 ,,9.42:1,4500000 ,4000000 ,IBK투자증권(주)
신규상장,KQ,신라젠,2016-12-06,15000 ,150000000 ,10000000 ,10000000 ,,172.5:1,61616527 ,46299555 ,"엔에이치투자증권주식회사,하나금융투자(주),동부증권(주)"
신규상장,KQ,애니젠,2016-12-07,18000 ,12600000 ,700000 ,700000 ,,812.5:1,4734831 ,2921684 ,키움증권(주)
이전상장,KQ,유니온커뮤니티,2016-12-07,5000 ,14550000 ,2910000 ,2910000 ,,1.961:1,14679007 ,10332026 ,미래에셋증권(주)
이전상장,KQ,코썬바이오,2016-12-09,7000 ,19600000 ,2800000 ,1600000 ,1200000 ,5.78:1,21740000 ,6698000 ,엔에이치투자증권주식회사
신규상장,KQ,마이크로프랜드,2016-12-12,7300 ,21900000 ,3000000 ,2000000 ,1000000 ,1.71:1,10641366 ,5571812 ,키움증권(주)
신규상장,KQ,TS인베스트먼트,2016-12-15,1300 ,7410000 ,5700000 ,5050000 ,650000 ,2.02:1,22421004 ,8710000 ,한국투자증권(주)
신규상장,KQ,DSC인베스트먼트,2016-12-19,1700 ,7427184 ,4368932 ,4368932 ,,10.77:1,17500000 ,5558932 ,키움증권(주)
신규상장,KQ,퓨전,2016-12-21,11500 ,11500000 ,1000000 ,1000000 ,,572.56:1,3030000 ,834674 ,한국투자증권(주)
신규상장,KQ,한국비엔씨,2016-12-28,2000 ,13000000 ,6500000 ,6500000 ,,0.34:1,6830000 ,6500000 ,엔에이치투자증권주식회사
신규상장,KQ,유바이오로직스,2017-01-24,6000 ,19200000 ,3200000 ,3200000 ,,10.55:1,24231986 ,10587868 ,한국투자증권(주)
신규상장,KQ,서플러스글로벌,2017-01-25,8000 ,35200000 ,4400000 ,4250000 ,150000 ,547.76:1,18494000 ,6084099 ,한국투자증권(주)
신규상장,KQ,피씨엘,2017-02-23,8000 ,12000000 ,1500000 ,1500000 ,,2.01:1,8921164 ,3480185 ,한국투자증권(주)
신규상장,KQ,신한제3호스팩,2017-02-23,2000 ,6000000 ,3000000 ,3000000 ,,0.28:1,3505000 ,3000000 ,신한금융투자(주)
신규상장,KQ,모바일어플라이언스,2017-02-24,3500 ,13181998 ,3766285 ,1042029 ,2724256 ,636.774:1,15000000 ,7116798 ,엔에이치투자증권주식회사
신규상장,KQ,에프엔에스테크,2017-02-27,14000 ,14000000 ,1000000 ,1000000 ,,840.67:1,5851101 ,3639265 ,한국투자증권(주)
신규상장,KQ,신신제약,2017-02-28,4500 ,14625000 ,3250000 ,3250000 ,,72.394:1,15170500 ,5043896 ,케이비투자증권(주)
신규상장,KQ,에스디생명공학,2017-03-02,12000 ,57600000 ,4800000 ,3200000 ,1600000 ,2.38:1,22064400 ,9219600 ,"신한금융투자(주),한국투자증권(주)"
신규상장,KQ,대신밸런스제4호스팩,2017-03-03,2000 ,9000000 ,4500000 ,4500000 ,,0.03:1,5010000 ,4500000 ,대신증권(주)
신규상장,KQ,아스타,2017-03-20,8000 ,14000000 ,1750000 ,1750000 ,,484.52:1,9402523 ,2504470 ,키움증권(주)
신규상장,KQ,코미코,2017-03-23,13000 ,32500000 ,2500000 ,1000000 ,1500000 ,746:1,8075000 ,2025380 ,엔에이치투자증권주식회사
신규상장,KQ,서진시스템,2017-03-27,25000 ,35750000 ,1430000 ,1300000 ,130000 ,742.062:1,5642185 ,920815 ,엔에이치투자증권주식회사
이전상장,KQ,이엘피,2017-04-06,20000 ,16000000 ,800000 ,800000 ,,738.153:1,4839500 ,3142615 ,엔에이치투자증권주식회사
신규상장,KQ,유에스티,2017-04-06,2000 ,5000000 ,2500000 ,2500000 ,,43.3:1,2605000 ,2500000 ,신영증권(주)
신규상장,KQ,와이엠티,2017-04-27,21000 ,11815167 ,562627 ,500000 ,62627 ,841.57:1,3602600 ,1112735 ,하나금융투자(주)
신규상장,KQ,소프트캠프,2017-04-27,2000 ,6000000 ,3000000 ,3000000 ,,0.535:1,3210000 ,3000000 ,KB증권(주)
신규상장,KQ,하나머티리얼즈,2017-04-28,12000 ,23280000 ,1940000 ,1940000 ,,955.33:1,9459737 ,2515753 ,"대신증권(주),엔에이치투자증권주식회사"
신규상장,KQ,포인트엔지니어링,2017-05-02,2000 ,13000000 ,6500000 ,6500000 ,,1.211:1,7000000 ,6500000 ,엔에이치투자증권주식회사
신규상장,KQ,한화에이스스팩3호,2017-05-02,2000 ,5500000 ,2750000 ,2750000 ,,26.81:1,3080000 ,748273 ,한화투자증권(주)
신규상장,KQ,미래에셋대우스팩1호,2017-05-26,2000 ,8000000 ,4000000 ,4000000 ,,60.77:1,4840000 ,4000000 ,미래에셋대우(주)
신규상장,KQ,필옵틱스,2017-06-01,48000 ,55680000 ,1160000 ,1160000 ,,588:1,5775200 ,2932561 ,신한금융투자(주)
신규상장,KQ,이랜시스,2017-06-01,2000 ,8000000 ,4000000 ,4000000 ,,0.87:1,4315000 ,4000000 ,IBK투자증권(주)
신규상장,KQ,삼양옵틱스,2017-06-02,16700 ,66800000 ,4000000 ,,4000000 ,2.3:1,10000000 ,3735370 ,미래에셋대우(주)
신규상장,KQ,보라티알,2017-06-08,14300 ,24134110 ,1687700 ,1687700 ,,1026.34:1,6750733 ,1602063 ,대신증권(주)
신규상장,KQ,한화수성스팩,2017-06-08,2000 ,8000000 ,4000000 ,4000000 ,,0.9:1,4440000 ,4000000 ,한화투자증권(주)
신규상장,KQ,나인테크,2017-06-22,2000 ,7580000 ,3790000 ,3790000 ,,0.1716:1,4020000 ,3790000 ,교보증권(주)
신규상장,KQ,덴티스,2017-06-26,2000 ,8000000 ,4000000 ,4000000 ,,0.191236:1,4260000 ,4000000 ,하나금융투자(주)
신규상장,KQ,하림지주,2017-06-30,20700 ,421886700 ,20381000 ,20381000 ,,21:1,70718000 ,23601326 ,"신한금융투자(주),KB증권(주)"
신규상장,KQ,아우딘퓨쳐스,2017-07-12,26000 ,26000000 ,1000000 ,1000000 ,,2.9961:1,5925190 ,2559289 ,하나금융투자(주)
신규상장,KQ,브이원텍,2017-07-13,17700 ,32373300 ,1829000 ,1463000 ,366000 ,754.31:1,7366090 ,2438335 ,미래에셋대우(주)
신규상장,KQ,힘스,2017-07-20,20000 ,16000000 ,800000 ,800000 ,,795.94:1,4968000 ,1742277 ,"KB증권(주),SK증권(주)"
신규상장,KQ,한국제5호스팩,2017-07-24,2000 ,7000000 ,3500000 ,3500000 ,,6.66:1,4000000 ,3500000 ,한국투자증권(주)
신규상장,KQ,이즈미디어,2017-07-26,7500 ,11400000 ,1520000 ,1400000 ,120000 ,13.87:1,7045100 ,2962202 ,한국투자증권(주)
신규상장,KQ,셀트리온헬스케어,2017-07-28,41000 ,1008764000 ,24604000 ,24604000 ,,6.95:1,136688120 ,37198214 ,미래에셋대우(주)
신규상장,KQ,디앤씨미디어,2017-08-01,20000 ,20140000 ,1007000 ,1007000 ,,563:1,4034223 ,491557 ,키움증권(주)
신규상장,KQ,지니언스,2017-08-02,13500 ,11205000 ,830000 ,830000 ,,922.71:1,4854900 ,1803069 ,하나금융투자(주)
신규상장,KQ,데이타솔루션,2017-08-03,3300 ,15180000 ,4600000 ,3220000 ,1380000 ,733.74:1,15358580 ,2793346 ,미래에셋대우(주)
신규상장,KQ,모트렉스,2017-08-04,38300 ,68940000 ,1800000 ,1532268 ,267732 ,422.73:1,5336109 ,1181003 ,미래에셋대우(주)
신규상장,KQ,와이즈버즈,2017-08-07,2000 ,13000000 ,6500000 ,6500000 ,,0.44:1,7510000 ,6350000 ,엔에이치투자증권주식회사
신규상장,KQ,컬러레이,2017-08-10,3800 ,53200000 ,14000000 ,14000000 ,,0.74:1,54000000 ,13342106 ,신한금융투자(주)
신규상장,KQ,알에스오토메이션,2017-08-11,6000 ,14628000 ,2438000 ,2438000 ,,1058.82:1,9103140 ,1751333 ,미래에셋대우(주)
신규상장,KQ,이더블유케이,2017-08-22,5000 ,11100000 ,2220000 ,1665000 ,555000 ,1160.15:1,6586600 ,1186987 ,신영증권(주)
신규상장,KQ,지엔원에너지,2017-08-22,2000 ,8000000 ,4000000 ,4000000 ,,2.43:1,4602000 ,4000000 ,하나금융투자(주)
신규상장,KQ,덕우전자,2017-08-28,15500 ,38750000 ,2500000 ,1500000 ,1000000 ,586.43:1,8110066 ,1917741 ,한국투자증권(주)
이전상장,KQ,케이피에스,2017-09-06,14000 ,15109752 ,1079268 ,1079268 ,,18.65:1,4270000 ,2279105 ,키움증권(주)
신규상장,KQ,펄어비스,2017-09-14,103000 ,185400000 ,1800000 ,1800000 ,,0.43:1,12066300 ,3212318 ,한국투자증권(주)
신규상장,KQ,샘코,2017-09-15,11000 ,16500000 ,1500000 ,1500000 ,,207:1,7756131 ,2722591 ,"한국투자증권(주),대신증권(주)"
신규상장,KQ,앱클론,2017-09-18,10000 ,6807410 ,680741 ,680741 ,,799:1,6800000 ,3476771 ,엔에이치투자증권주식회사
신규상장,KQ,선익시스템,2017-09-20,37000 ,55500000 ,1500000 ,1000000 ,500000 ,7.87:1,6000000 ,2949430 ,대신증권(주)
신규상장,KQ,엠플러스,2017-09-20,18000 ,22500000 ,1250000 ,1000000 ,250000 ,1003.24:1,5111890 ,2306043 ,키움증권(주)
신규상장,KQ,유티아이,2017-09-27,25000 ,22400000 ,896000 ,846000 ,50000 ,3.44:1,5332145 ,2988066 ,한국투자증권(주)
신규상장,KQ,신흥에스이씨,2017-09-27,16000 ,33600000 ,2100000 ,1050000 ,1050000 ,731:1,6551683 ,1081627 ,삼성증권(주)
신규상장,KQ,휴온스블러썸,2017-09-28,5100 ,10200000 ,2000000 ,2000000 ,,616.5:1,7876580 ,1917451 ,대신증권(주)
신규상장,KQ,야스,2017-09-29,23500 ,54050000 ,2300000 ,1700000 ,600000 ,0.52:1,12930000 ,6468433 ,한국투자증권(주)
신규상장,KQ,인산가,2017-09-29,2000 ,4000000 ,2000000 ,2000000 ,,29.91:1,2210000 ,1967270 ,IBK투자증권(주)
신규상장,KQ,상신전자,2017-10-16,13300 ,9310000 ,700000 ,700000 ,,601.54:1,3921000 ,841980 ,미래에셋대우(주)
이전상장,KQ,세원,2017-10-20,5700 ,6270000 ,1100000 ,660000 ,440000 ,640.36:1,3633000 ,1557090 ,현대차투자증권(주)
신규상장,KQ,신한제4호스팩,2017-10-20,2000 ,10000000 ,5000000 ,5000000 ,,9.09:1,6010000 ,5000000 ,신한금융투자(주)
신규상장,KQ,영화테크,2017-10-26,12500 ,8800000 ,704000 ,704000 ,,1011:1,5345090 ,2301570 ,신한금융투자(주)
신규상장,KQ,코오롱티슈진,2017-11-06,27000 ,,7500000 ,7500000 ,,299.54:1,60379425 ,20419485 ,엔에이치투자증권주식회사
이전상장,KQ,비디아이,2017-11-09,10000 ,13500000 ,1350000 ,1080000 ,270000 ,1293:1,5280500 ,2599500 ,신영증권(주)
신규상장,KQ,IBKS제7호스팩,2017-11-10,2000 ,7000000 ,3500000 ,3500000 ,,79.9:1,3650000 ,3500000 ,IBK투자증권(주)
신규상장,KQ,스튜디오드래곤,2017-11-24,35000 ,210000000 ,6000000 ,6000000 ,,320:1,28037240 ,3705855 ,미래에셋대우(주)
신규상장,KQ,한화에이스스팩4호,2017-11-27,2000 ,6300000 ,3150000 ,3150000 ,,0.95:1,3495000 ,3150000 ,한화투자증권(주)
신규상장,KQ,비즈니스온,2017-11-30,9000 ,17082000 ,1898000 ,1898000 ,,513.97:1,9544940 ,3918843 ,KB증권(주)
신규상장,KQ,대원,2017-12-01,15000 ,30000000 ,2000000 ,1000000 ,1000000 ,455.39:1,11050000 ,1790000 ,신한금융투자(주)
신규상장,KQ,체리부로,2017-12-04,4700 ,28913916 ,6151897 ,4153172 ,1998725 ,616.6:1,27872369 ,9076091 ,미래에셋대우(주)
신규상장,KQ,에스트래픽,2017-12-05,10000 ,21300000 ,2130000 ,2130000 ,,1128.2:1,11450592 ,3816990 ,미래에셋대우(주)
신규상장,KQ,메카로,2017-12-06,33000 ,66000000 ,2000000 ,2000000 ,,664.69:1,9834640 ,2905836 ,한국투자증권(주)
신규상장,KQ,씨티케이,2017-12-07,55000 ,110000000 ,2000000 ,2000000 ,,145.75:1,10122151 ,2967920 ,미래에셋대우(주)
신규상장,KQ,레이크머티리얼즈,2017-12-12,2000 ,8000000 ,4000000 ,4000000 ,,0.1232:1,4840000 ,4000000 ,DB금융투자주식회사
신규상장,KQ,디바이스이엔지,2017-12-20,12000 ,16800000 ,1400000 ,1300000 ,100000 ,2.38:1,6782000 ,3578000 ,한국투자증권(주)
신규상장,KQ,한국제6호스팩,2017-12-21,2000 ,8000000 ,4000000 ,4000000 ,,0.05:1,4510000 ,4000000 ,한국투자증권(주)
신규상장,KQ,시스웍,2017-12-26,2800 ,12511920 ,4468543 ,4468543 ,,830.4:1,18000000 ,5811968 ,하나금융투자(주)
신규상장,KQ,씨앤지하이테크,2018-01-25,16000 ,20608000 ,1288000 ,1288000 ,,625.64:1,4202740 ,2302600 ,신한금융투자(주)
신규상장,KQ,SG,2018-01-26,6000 ,18795180 ,3132530 ,2506024 ,626506 ,0.44:1,12506024 ,4621904 ,대신증권(주)
신규상장,KQ,배럴,2018-02-01,9500 ,16245000 ,1710000 ,1710000 ,,369.78:1,7215846 ,1663471 ,하나금융투자(주)
이전상장,KQ,링크제니시스,2018-02-05,30000 ,9000000 ,300000 ,,300000 ,1184.37:1,2136300 ,1048778 ,하나금융투자(주)
신규상장,KQ,카페24,2018-02-08,57000 ,51300000 ,900000 ,900000 ,,731.58:1,8858157 ,3996908 ,"미래에셋대우(주),유안타증권(주),한화투자증권(주)"
이전상장,KQ,아시아종묘,2018-02-12,4500 ,4500000 ,1000000 ,1000000 ,,49.45:1,9215539 ,5984481 ,대신증권(주)
신규상장,KQ,알리코제약,2018-02-12,12000 ,28200000 ,2350000 ,2350000 ,,698.28:1,8843825 ,2504320 ,IBK투자증권(주)
신규상장,KQ,동구바이오제약,2018-02-13,16000 ,33105920 ,2069120 ,1919120 ,150000 ,837:1,9604000 ,4166470 ,엔에이치투자증권주식회사
이전상장,KQ,엔지켐생명과학,2018-02-21,56000 ,43120000 ,770000 ,770000 ,,342.31:1,7623232 ,5941448 ,한국투자증권(주)
신규상장,KQ,오스테오닉,2018-02-22,7700 ,,1200000 ,1200000 ,,998.83:1,6454995 ,3670653 ,키움증권(주)
신규상장,KQ,린드먼아시아,2018-03-14,6500 ,22087377 ,3398058 ,3398058 ,,1039.51:1,13500000 ,1782706 ,키움증권(주)
신규상장,KQ,에코마이스터,2018-03-15,5200 ,6968000 ,1340000 ,1000000 ,340000 ,163.14:1,10788540 ,8203712 ,"대신증권(주),한화투자증권(주)"
신규상장,KQ,케어랩스,2018-03-28,20000 ,26000000 ,1300000 ,1300000 ,,886.14:1,5977430 ,597738 ,한국투자증권(주)
신규상장,KQ,네오셈,2018-04-04,2000 ,,5000000 ,5000000 ,,0.15:1,5510000 ,5000000 ,대신증권(주)
신규상장,KQ,JTC,2018-04-06,8500 ,89542400 ,10534400 ,9634400 ,900000 ,465.63:1,35005517 ,8455070 ,삼성증권(주)
신규상장,KQ,제이시스메디칼,2018-05-08,2000 ,7000000 ,3500000 ,3500000 ,,0.86:1,4235000 ,3500000 ,유안타증권(주)
신규상장,KQ,한국제7호스팩,2018-05-11,2000 ,8500000 ,4250000 ,4250000 ,,0.16:1,5060000 ,4250000 ,한국투자증권(주)
신규상장,KQ,제노레이,2018-05-28,23000 ,13844666 ,601942 ,455418 ,146524 ,1028.72:1,4028700 ,2187722 ,한국투자증권(주)
신규상장,KQ,세종메디칼,2018-05-29,15000 ,30450000 ,2030000 ,1220000 ,810000 ,922.71:1,6777741 ,856521 ,한국투자증권(주)
신규상장,KQ,현대사료,2018-06-01,6600 ,10072788 ,1526180 ,1526180 ,,1690:1,6150486 ,1119704 ,신한금융투자(주)
신규상장,KQ,파워넷,2018-06-07,6500 ,23209862 ,3570748 ,1785374 ,1785374 ,1144.3107:1,12009614 ,4055435 ,DB금융투자주식회사
신규상장,KQ,카이노스메드,2018-06-08,2000 ,4500 ,4500000 ,4500000 ,,0.37:1,5401000 ,4500000 ,하나금융투자(주)
신규상장,KQ,EDGC,2018-06-26,6500 ,46800000 ,7200000 ,7200000 ,,810.33:1,35898940 ,13101182 ,SK증권(주)
신규상장,KQ,SV인베스트먼트,2018-07-06,7000 ,27300000 ,3900000 ,3900000 ,,974.23:1,26617000 ,13683710 ,미래에셋대우(주)
신규상장,KQ,아이큐어,2018-07-12,65000 ,78000000 ,1200000 ,1200000 ,,331.42:1,6123518 ,3779002 ,키움증권(주)
신규상장,KQ,올릭스,2018-07-18,36000 ,43200000 ,1200000 ,1200000 ,,847.09:1,6433321 ,2480063 ,엔에이치투자증권주식회사
신규상장,KQ,알로이스,2018-07-20,2000 ,5000000 ,2500000 ,2500000 ,,51.69:1,2760000 ,2500000 ,IBK투자증권(주)
신규상장,KQ,그리티,2018-07-23,11500 ,28962750 ,2518500 ,2014800 ,503700 ,51.31:1,10073715 ,4933431 ,대신증권(주)
신규상장,KQ,한국유니온제약,2018-07-26,18000 ,27000000 ,1500000 ,1500000 ,,1015.13:1,5745000 ,3245849 ,DB금융투자주식회사
신규상장,KQ,휴네시온,2018-08-02,10000 ,13905300 ,1390530 ,1190530 ,200000 ,827.74:1,4803836 ,1348183 ,엔에이치투자증권주식회사
신규상장,KQ,에스에스알,2018-08-06,9000 ,12780000 ,1420000 ,1420000 ,,1232:1,5662567 ,539053 ,하나금융투자(주)
신규상장,KQ,디아이티,2018-08-07,10000 ,37575000 ,3757500 ,3757500 ,,11.1:1,18900000 ,4725160 ,삼성증권(주)
신규상장,KQ,대유,2018-08-10,9000 ,27720000 ,3080000 ,2960000 ,120000 ,148.39:1,9052400 ,3500000 ,KB증권(주)
신규상장,KQ,바이오솔루션,2018-08-20,29000 ,43500000 ,1500000 ,1500000 ,,302.62:1,7659926 ,5161057 ,한국투자증권(주)
신규상장,KQ,에이피티씨,2018-08-23,9000 ,16560000 ,1840000 ,1840000 ,,22.69:1,23234595 ,12643075 ,대신증권(주)
신규상장,KQ,오파스넷,2018-08-24,11000 ,11088000 ,1008000 ,1008000 ,,1401:1,4025902 ,1547964 ,교보증권(주)
신규상장,KQ,액트로,2018-08-28,20000 ,24000000 ,1200000 ,1200000 ,,545.42:1,5000054 ,2542218 ,키움증권(주)
신규상장,KQ,지니틱스,2018-08-30,2000 ,7000000 ,3500000 ,3500000 ,,93.58:1,4110000 ,3500000 ,대신증권(주)
이전상장,KQ,디지캡,2018-09-07,12000 ,7013352 ,584446 ,360000 ,224446 ,931.796:1,3531115 ,1755267 ,KB증권(주)
신규상장,KQ,명성티엔에스,2018-09-13,20000 ,38400000 ,1920000 ,1320000 ,600000 ,804.79:1,6370000 ,1433380 ,KB증권(주)
신규상장,KQ,엔피,2018-09-13,2000 ,13000000 ,6500000 ,6500000 ,,35.66:1,7550000 ,6500000 ,삼성증권(주)
신규상장,KQ,지티지웰니스,2018-09-21,11000 ,8800000 ,800000 ,800000 ,,514.16:1,5652665 ,2400238 ,대신증권(주)
신규상장,KQ,더블유에스아이,2018-09-21,2000 ,8000000 ,4000000 ,4000000 ,,200.33:1,4330000 ,4000000 ,IBK투자증권(주)
신규상장,KQ,크리스에프앤씨,2018-10-01,30000 ,105480000 ,3516000 ,1758000 ,1758000 ,0.53:1,11715480 ,3858500 ,KB증권(주)
신규상장,KQ,푸드나무,2018-10-04,24000 ,37339440 ,1555810 ,1352880 ,202930 ,914.05:1,6806034 ,822190 ,미래에셋대우(주)
신규상장,KQ,나우IB,2018-10-04,8500 ,21250000 ,2500000 ,1900000 ,600000 ,64.89:1,9480000 ,2500000 ,신영증권(주)
신규상장,KQ,에스퓨얼셀,2018-10-15,16500 ,31185000 ,1890000 ,1260000 ,630000 ,857.78:1,5744316 ,1147536 ,한국투자증권(주)
신규상장,KQ,로보티즈,2018-10-26,,23800000 ,1700000 ,1700000 ,,1043.92:1,11251000 ,1604200 ,미래에셋대우(주)
신규상장,KQ,옵티팜,2018-10-26,10000 ,29458900 ,2945890 ,2200000 ,745890 ,463.492:1,14217258 ,6807711 ,엔에이치투자증권주식회사
신규상장,KQ,네온테크,2018-10-31,2000 ,8000000 ,4000000 ,4000000 ,,42.159388:1,4840000 ,4000000 ,DB금융투자주식회사
신규상장,KQ,엘앤씨바이오,2018-11-01,24000 ,24000000 ,1000000 ,1000000 ,,985.59:1,7234332 ,3300440 ,한국투자증권(주)
신규상장,KQ,노바텍,2018-11-02,10000 ,11600000 ,1160000 ,812000 ,348000 ,326.67:1,4626800 ,1144950 ,하나금융투자(주)
신규상장,KQ,대보마그네틱,2018-11-06,31000 ,25420000 ,820000 ,600000 ,220000 ,837.58:1,3232600 ,380099 ,한국투자증권(주)
신규상장,KQ,셀리버리,2018-11-09,25000 ,28500000 ,1140000 ,1140000 ,,808.5:1,7148321 ,4253421 ,DB금융투자주식회사
신규상장,KQ,노바렉스,2018-11-14,19000 ,18240000 ,960000 ,960000 ,,631:1,9003740 ,3609250 ,엔에이치투자증권주식회사
신규상장,KQ,에이치앤비디자인,2018-11-15,10100 ,4009700 ,397000 ,397000 ,,655.04:1,2660910 ,1124282 ,대신증권(주)
신규상장,KQ,디케이앤디,2018-11-20,6000 ,10800000 ,1800000 ,1160000 ,640000 ,975.69:1,7601025 ,2420960 ,키움증권(주)
신규상장,KQ,아주IB투자,2018-11-21,1500 ,29280000 ,19520000 ,9760000 ,9760000 ,63.77:1,118714050 ,28629100 ,미래에셋대우(주)
신규상장,KQ,파멥신,2018-11-21,60000 ,48000000 ,800000 ,800000 ,,322.78:1,6805637 ,3450093 ,"KB증권(주),삼성증권(주)"
신규상장,KQ,싸이토젠,2018-11-22,17000 ,20400000 ,1200000 ,1200000 ,,705.49:1,5633864 ,3715759 ,키움증권(주)
신규상장,KQ,디알젬,2018-11-22,6500 ,9750000 ,1500000 ,1500000 ,,832.96:1,11325610 ,3221389 ,한국투자증권(주)
신규상장,KQ,티앤알바이오팹,2018-11-28,18000 ,21600000 ,1200000 ,1200000 ,,500.35:1,8118084 ,3034692 ,키움증권(주)
신규상장,KQ,네오펙트,2018-11-28,11000 ,19800000 ,1800000 ,1800000 ,,400.8:1,11718545 ,5321219 ,한국투자증권(주)
신규상장,KQ,남화산업,2018-11-29,3700 ,11425600 ,3088000 ,3088000 ,,858.4:1,20588000 ,2160640 ,대신증권(주)
신규상장,KQ,티로보틱스,2018-11-29,16000 ,12800000 ,800000 ,800000 ,,177:1,5399459 ,3233399 ,키움증권(주)
신규상장,KQ,엠아이텍,2018-11-29,4500 ,31500000 ,7000000 ,3500000 ,3500000 ,883.49:1,27456200 ,6887074 ,하나금융투자(주)
신규상장,KQ,하나머스트제6호스팩,2018-11-30,2000 ,7500000 ,3750000 ,3750000 ,,69.81:1,4590000 ,3750000 ,하나금융투자(주)
신규상장,KQ,윙입푸드,2018-11-30,2000 ,20400000 ,10200000 ,10200000 ,,0.71:1,40409095 ,9899095 ,유진투자증권(주)
신규상장,KQ,베스파,2018-12-03,35000 ,56000000 ,1600000 ,1600000 ,,3.3:1,7986521 ,2609817 ,미래에셋대우(주)
신규상장,KQ,에코캡,2018-12-05,4200 ,16800000 ,4000000 ,4000000 ,,0.36:1,14558800 ,3880000 ,IBK투자증권(주)
신규상장,KQ,원바이오젠,2018-12-05,,6200000 ,3100000 ,3100000 ,,48.97:1,3720000 ,3100000 ,교보증권(주)
신규상장,KQ,대유에이피,2018-12-07,3000 ,8400000 ,2800000 ,2800000 ,,8.9:1,10884000 ,2519323 ,신영증권(주)
신규상장,KQ,SK4호스팩,2018-12-07,2000 ,8000000 ,4000000 ,4000000 ,,2.65:1,5160000 ,4000000 ,SK증권(주)
신규상장,KQ,이노메트리,2018-12-12,26000 ,30422314 ,1206277 ,1206277 ,,791.16:1,4825108 ,1049676 ,유진투자증권(주)
신규상장,KQ,상상인이안1호스팩,2018-12-12,2000 ,8500000 ,4250000 ,4250000 ,,0.57:1,4750000 ,4250000 ,(주)골든브릿지투자증권
신규상장,KQ,뉴트리,2018-12-13,14500 ,32799000 ,2262000 ,1810000 ,452000 ,0.36:1,9032224 ,3071298 ,미래에셋대우(주)
신규상장,KQ,머큐리,2018-12-14,6100 ,31232000 ,5120000 ,2560000 ,2560000 ,930.39:1,14763600 ,3641580 ,미래에셋대우(주)
신규상장,KQ,전진바이오팜,2018-12-14,10000 ,5000000 ,500000 ,500000 ,,24.8:1,4733428 ,3214982 ,미래에셋대우(주)
신규상장,KQ,에이비엘바이오,2018-12-19,15000 ,90000000 ,6000000 ,6000000 ,,0.78:1,44587000 ,21976561 ,한국투자증권(주)
신규상장,KQ,국전약품,2018-12-19,2000 ,9000000 ,4500000 ,4500000 ,,4.37:1,5010000 ,4500000 ,대신증권(주)
신규상장,KQ,위지윅스튜디오,2018-12-20,11000 ,24194665 ,2199515 ,2199515 ,,6.843:1,8798060 ,4153995 ,"엔에이치투자증권주식회사,삼성증권(주)"
신규상장,KQ,오하임아이엔티,2018-12-20,2000 ,7500000 ,3750000 ,3750000 ,,6.24:1,4590000 ,3750000 ,삼성증권(주)
신규상장,KQ,한국제8호스팩,2018-12-20,2000 ,6000000 ,3000000 ,3000000 ,,22.02:1,3420000 ,3000000 ,한국투자증권(주)
신규상장,KQ,디케이티,2018-12-21,7400 ,14943560 ,2019400 ,2019400 ,,780.3:1,6879982 ,1870730 ,엔에이치투자증권주식회사
신규상장,KQ,아이엘사이언스,2018-12-21,2000 ,8500000 ,4250000 ,4250000 ,,1.679388:1,4355000 ,4250000 ,신영증권(주)
신규상장,KQ,애니플러스,2018-12-21,2000 ,5500000 ,2750000 ,2750000 ,,47.87:1,3050000 ,2750000 ,미래에셋대우(주)
신규상장,KQ,유틸렉스,2018-12-24,50000 ,36350000 ,727000 ,727000 ,,322.96:1,7263578 ,2970781 ,엔에이치투자증권주식회사
신규상장,KQ,엔에이치스팩13호,2018-12-24,2000 ,6000000 ,3000000 ,3000000 ,,39.568:1,3420000 ,3000000 ,엔에이치투자증권주식회사
신규상장,KQ,비피도,2018-12-26,18000 ,7380018 ,410001 ,410001 ,,159.97:1,4090000 ,1817875 ,한국투자증권(주)
신규상장,KQ,키움제5호스팩,2018-12-26,2000 ,7000000 ,3500000 ,3500000 ,,2.04:1,3600000 ,3500000 ,키움증권(주)
신규상장,KQ,웹케시,2019-01-25,26000 ,25220000 ,970000 ,970000 ,,947.13:1,6630322 ,3714223 ,하나금융투자(주)
신규상장,KQ,노랑풍선,2019-01-30,20000 ,20000000 ,1000000 ,735650 ,264350 ,1025.2:1,4765650 ,1224808 ,"한국투자증권(주),KB증권(주)"
신규상장,KQ,이노테라피,2019-02-01,18000 ,9000000 ,500000 ,500000 ,,463.37:1,4969184 ,2555309 ,대신증권(주)
신규상장,KQ,천보,2019-02-11,40000 ,100000000 ,2500000 ,2000000 ,500000 ,426.0903:1,9856294 ,2537104 ,하나금융투자(주)
신규상장,KQ,셀리드,2019-02-20,33000 ,39600000 ,1200000 ,1200000 ,,818.83:1,9441192 ,4237198 ,삼성증권(주)
신규상장,KQ,에코프로비엠,2019-03-05,48000 ,172800000 ,3600000 ,3600000 ,,273.77:1,19850000 ,6352129 ,대신증권(주)
신규상장,KQ,미래에셋벤처투자,2019-03-15,4500 ,20250000 ,4500000 ,4500000 ,,1022:1,30667215 ,8911905 ,KB증권(주)
신규상장,KQ,유안타제4호스팩,2019-03-21,2000 ,8200000 ,4100000 ,4100000 ,,1.82:1,4650000 ,4100000 ,유안타증권(주)
신규상장,KQ,이지케어텍,2019-03-22,12300 ,15990000 ,1300000 ,1300000 ,,1272.11:1,6386000 ,3076524 ,미래에셋대우(주)
이전상장,KQ,지노믹트리,2019-03-27,27000 ,108000000 ,4000000 ,4000000 ,,13.1:1,19986215 ,7583832 ,키움증권(주)
신규상장,KQ,케이비17호스팩,2019-03-27,2000 ,,5000000 ,5000000 ,,1.492:1,5461000 ,5000000 ,KB증권(주)
신규상장,KQ,아모그린텍,2019-03-29,9900 ,40867200 ,4128000 ,3302000 ,826000 ,22.13:1,16496790 ,5344888 ,삼성증권(주)
신규상장,KQ,TS트릴리온,2019-04-29,2000 ,8000000 ,4000000 ,4000000 ,,1.89:1,4400000 ,4000000 ,하이투자증권(주)
신규상장,KQ,한화에스비아이스팩,2019-05-03,2000 ,7500000 ,3750000 ,3750000 ,,6.66:1,4360000 ,3750000 ,한화투자증권(주)
신규상장,KQ,SNK,2019-05-07,40400 ,169680000 ,4200000 ,4200000 ,,185:1,21061800 ,4510112 ,엔에이치투자증권주식회사
신규상장,KQ,현대무벡스,2019-05-08,2000 ,16000000 ,8000000 ,8000000 ,,51.88:1,8620000 ,8000000 ,엔에이치투자증권주식회사
신규상장,KQ,컴퍼니케이,2019-05-23,4500 ,18000000 ,4000000 ,4000000 ,,850:1,15610000 ,2401660 ,엔에이치투자증권주식회사
이전상장,KQ,수젠텍,2019-05-28,12000 ,18000000 ,1500000 ,1500000 ,,1.48:1,12926006 ,8924233 ,한국투자증권(주)
신규상장,KQ,프로이천,2019-05-31,2000 ,6500000 ,3250000 ,3250000 ,,300.45:1,3490000 ,3250000 ,유진투자증권(주)
신규상장,KQ,코퍼스코리아,2019-05-31,2000 ,8000000 ,4000000 ,4000000 ,,269.78:1,4550000 ,4000000 ,DB금융투자주식회사
신규상장,KQ,마이크로디지탈,2019-06-05,23000 ,16100000 ,700000 ,700000 ,,1116.35:1,3630800 ,1318930 ,하나금융투자(주)
신규상장,KQ,까스텔바작,2019-06-10,12000 ,22680000 ,1890000 ,540000 ,1350000 ,3.4:1,6596700 ,3147797 ,엔에이치투자증권주식회사
신규상장,KQ,압타바이오,2019-06-12,30000 ,65400000 ,2180000 ,2180000 ,,663.03:1,10881733 ,5423739 ,"미래에셋대우(주),삼성증권(주)"
신규상장,KQ,엠에프엠코리아,2019-06-19,2000 ,8000000 ,4000000 ,4000000 ,,654.47:1,4310000 ,4000000 ,신한금융투자(주)
신규상장,KQ,신영스팩5호,2019-06-24,2000 ,6800000 ,3400000 ,3400000 ,,350.98:1,3505000 ,3400000 ,신영증권(주)
신규상장,KQ,케이비제18호스팩,2019-06-24,2000 ,15000000 ,7500000 ,7500000 ,,279.111:1,7822000 ,7476320 ,KB증권(주)
신규상장,KQ,에이에프더블류,2019-07-01,22500 ,88236000 ,3921600 ,2064000 ,1857600 ,552.22:1,10128444 ,2989668 ,엔에이치투자증권주식회사
신규상장,KQ,펌텍코리아,2019-07-04,,97280000 ,512000 ,19809 ,492191 ,0.51:1,1882710 ,572000 ,한국투자증권(주)
신규상장,KQ,아이스크림에듀,2019-07-11,15900 ,23055000 ,1450000 ,1450000 ,,5.69:1,12637371 ,4672710 ,대신증권(주)
신규상장,KQ,세틀뱅크,2019-07-12,55000 ,79585000 ,1447000 ,927000 ,520000 ,309.6:1,9267000 ,4701633 ,"신한금융투자(주),한국투자증권(주)"
신규상장,KQ,이베스트이안스팩1호,2019-07-15,2000 ,6000000 ,3000000 ,3000000 ,,1431.05:1,3200000 ,3000000 ,이베스트투자증권(주)
신규상장,KQ,플리토,2019-07-17,26000 ,38310636 ,1473486 ,1000000 ,473486 ,710.71:1,5169811 ,1546869 ,한국투자증권(주)
신규상장,KQ,에이스토리,2019-07-19,14300 ,26741000 ,1870000 ,1870000 ,,131.51:1,9318240 ,4895400 ,엔에이치투자증권주식회사
신규상장,KQ,대모,2019-07-24,5200 ,11180000 ,2150000 ,1700000 ,450000 ,1268.6:1,8324420 ,2541622 ,신한금융투자(주)
신규상장,KQ,윌링스,2019-07-25,12500 ,17275000 ,1382000 ,967910 ,414090 ,532.83:1,4862000 ,890098 ,신영증권(주)
신규상장,KQ,세경하이테크,2019-07-30,35000 ,28000000 ,800000 ,800000 ,,1.2:1,5624000 ,3227540 ,키움증권(주)
신규상장,KQ,슈프리마아이디,2019-08-01,27000 ,23328000 ,864000 ,640000 ,224000 ,707.26:1,2992520 ,759415 ,한국투자증권(주)
신규상장,KQ,한국바이오젠,2019-08-01,6000 ,10707000 ,1784500 ,1422000 ,362500 ,1019.62:1,7288035 ,3816290 ,미래에셋대우(주)
신규상장,KQ,덕산테코피아,2019-08-02,19000 ,76863873 ,4045467 ,3204797 ,840670 ,1.96:1,18377428 ,3758098 ,엔에이치투자증권주식회사
신규상장,KQ,코윈테크,2019-08-05,34500 ,69000000 ,2000000 ,2000000 ,,0.48:1,9000000 ,2762175 ,미래에셋대우(주)
이전상장,KQ,그린플러스,2019-08-07,10000 ,7000000 ,700000 ,700000 ,,700.96:1,3923873 ,1817344 ,한국투자증권(주)
신규상장,KQ,레이,2019-08-08,20000 ,20000000 ,1000000 ,1000000 ,,779.56:1,6653267 ,2464755 ,한국투자증권(주)
신규상장,KQ,에스피시스템스,2019-08-14,4900 ,9800000 ,2000000 ,1360000 ,640000 ,786:1,8145700 ,952390 ,한국투자증권(주)
신규상장,KQ,나노브릭,2019-08-19,16000 ,7296000 ,456000 ,456000 ,,2.58:1,4560103 ,2816477 ,KB증권(주)
신규상장,KQ,마니커에프앤지,2019-08-20,4000 ,10400 ,2600000 ,2600000 ,,1216.48:1,10378000 ,2461510 ,유진투자증권(주)
신규상장,KQ,미래에셋대우스팩3호,2019-08-20,2000 ,12300000 ,6150000 ,6150000 ,,508.4:1,6482000 ,6112967 ,미래에셋대우(주)
신규상장,KQ,네오크레마,2019-08-22,8000 ,12400000 ,1550000 ,1550000 ,,1.59:1,7256000 ,2486600 ,키움증권(주)
신규상장,KQ,한독크린텍,2019-09-05,15100 ,10570000 ,700000 ,700000 ,,728.28:1,4021000 ,1728805 ,한국투자증권(주)
신규상장,KQ,라닉스,2019-09-18,6000 ,9600000 ,1600000 ,1600000 ,,770.88:1,9435500 ,3882560 ,한국투자증권(주)
신규상장,KQ,윈텍,2019-09-18,2000 ,6000000 ,3000000 ,3000000 ,,254.8:1,3401000 ,3000000 ,하나금융투자(주)
신규상장,KQ,올리패스,2019-09-20,20000 ,14000000 ,700000 ,700000 ,,419.4:1,13875738 ,6802367 ,"미래에셋대우(주),키움증권(주)"
신규상장,KQ,케이비제19호스팩,2019-09-30,,,4000000 ,4000000 ,,177.509:1,4301000 ,3988470 ,KB증권(주)
신규상장,KQ,포커스에이치엔에스,2019-10-02,,7000000 ,3500000 ,3500000 ,,268.73:1,4010000 ,3454400 ,유진투자증권(주)
신규상장,KQ,대신밸런스제7호스팩,2019-10-11,2000 ,10000000 ,5000000 ,5000000 ,,39.52:1,5205000 ,4981960 ,대신증권(주)
신규상장,KQ,녹십자웰빙,2019-10-14,11300 ,50850000 ,4500000 ,4500000 ,,657.66:1,17752276 ,8584998 ,하나금융투자(주)
신규상장,KQ,아톤,2019-10-17,43000 ,38579084 ,897188 ,717750 ,179438 ,653.97:1,3612006 ,1830485 ,"엔에이치투자증권주식회사,KB증권(주)"
신규상장,KQ,라온피플,2019-10-18,14000 ,28329700 ,2023550 ,2023550 ,,2.07:1,10178456 ,,미래에셋대우(주)
신규상장,KQ,팜스빌,2019-10-22,14000 ,25357500 ,1811250 ,1575000 ,236250 ,674.04:1,7929338 ,2182253 ,대신증권(주)
신규상장,KQ,엔바이오니아,2019-10-24,8200 ,9102000 ,1110000 ,1110000 ,,910.32:1,7425555 ,3386531 ,미래에셋대우(주)
신규상장,KQ,케이엔제이,2019-10-25,11000 ,9630192 ,875472 ,875472 ,,1104.68:1,5386153 ,2578746 ,미래에셋대우(주)
신규상장,KQ,캐리소프트,2019-10-29,9000 ,8190000 ,910000 ,910000 ,,1067:1,5761200 ,2252388 ,미래에셋대우(주)
신규상장,KQ,교보9호스팩,2019-10-29,2000 ,6900000 ,3450000 ,3450000 ,,134.98:1,3880000 ,3450000 ,교보증권(주)
신규상장,KQ,티라유텍,2019-10-31,12050 ,13556250 ,1125000 ,1125000 ,,1164.16:1,5433750 ,930555 ,미래에셋대우(주)
신규상장,KQ,신한제6호스팩,2019-10-31,2000 ,8000000 ,4000000 ,4000000 ,,84.99:1,5010000 ,3984361 ,신한금융투자(주)
신규상장,KQ,하나금융14호스팩,2019-11-01,2000 ,8000000 ,4000000 ,4000000 ,,80.74:1,4410000 ,4000000 ,하나금융투자(주)
이전상장,KQ,미디어젠,2019-11-05,10600 ,9858000 ,930000 ,930000 ,,573.16:1,4638281 ,3445781 ,교보증권(주)
신규상장,KQ,일승,2019-11-06,2000 ,8150000 ,4075000 ,4075000 ,,30.1:1,4390000 ,3951020 ,미래에셋대우(주)
신규상장,KQ,아이티엠반도체,2019-11-07,26000 ,131300000 ,5050000 ,4610000 ,440000 ,321.091:1,22823026 ,6094038 ,KB증권(주)
신규상장,KQ,라파스,2019-11-11,20000 ,25600000 ,1280000 ,1280000 ,,813.16:1,8191416 ,4850127 ,DB금융투자주식회사
신규상장,KQ,제테마,2019-11-14,21000 ,20160000 ,960000 ,960000 ,,590.02:1,7462879 ,3551572 ,한국투자증권(주)
신규상장,KQ,에스제이그룹,2019-11-18,38600 ,31652000 ,820000 ,820000 ,,512.93:1,3294600 ,814541 ,"엔에이치투자증권주식회사,IBK투자증권(주)"
신규상장,KQ,우양,2019-11-20,4200 ,15120000 ,3600000 ,2400000 ,1200000 ,1037.3:1,12858000 ,4556330 ,미래에셋대우(주)
신규상장,KQ,코리아에셋투자증권,2019-11-20,10000 ,16000000 ,1600000 ,1600000 ,,231.78:1,6388000 ,1432004 ,신영증권(주)
신규상장,KQ,씨에스베어링,2019-11-21,8400 ,19992000 ,2380000 ,1430000 ,950000 ,699.67:1,9461400 ,2323425 ,한국투자증권(주)
신규상장,KQ,티움바이오,2019-11-22,12000 ,30000000 ,2500000 ,2500000 ,,5.29:1,23189926 ,6264876 ,키움증권(주)
신규상장,KQ,노터스,2019-11-27,20000 ,10000000 ,500000 ,500000 ,,22.31:1,6971092 ,2704798 ,대신증권(주)
신규상장,KQ,유안타제5호스팩,2019-11-28,2000 ,11200000 ,5600000 ,5600000 ,,0.21:1,5930000 ,5522246 ,유안타증권(주)
신규상장,KQ,코리아센터,2019-11-29,18000 ,45818820 ,2545490 ,2314082 ,231408 ,4.13:1,24031048 ,2396023 ,엔에이치투자증권주식회사
신규상장,KQ,비올,2019-12-03,2000 ,9000000 ,4500000 ,4500000 ,,6.97:1,4790000 ,4490196 ,IBK투자증권(주)
신규상장,KQ,SK5호스팩,2019-12-04,2000 ,8000000 ,4000000 ,,4000000 ,0.38:1,4310000 ,3490000 ,SK증권(주)
이전상장,KQ,리메드,2019-12-06,13000 ,7800000 ,600000 ,600000 ,,92.69:1,5822956 ,3512956 ,한국투자증권(주)
신규상장,KQ,IBKS제12호스팩,2019-12-09,2000 ,5800000 ,2900000 ,2900000 ,,134.47:1,3120000 ,2893121 ,IBK투자증권(주)
신규상장,KQ,태웅로직스,2019-12-10,4500 ,22500000 ,5000000 ,2500000 ,2500000 ,618.52:1,17650000 ,3983460 ,"IBK투자증권(주),(주)비엔케이투자증권"
신규상장,KQ,제이엘케이,2019-12-11,9000 ,18000000 ,2000000 ,2000000 ,,8.49:1,14894862 ,7085669 ,한국투자증권(주)
신규상장,KQ,신테카바이오,2019-12-17,12000 ,19200000 ,1600000 ,1600000 ,,123:1,13154876 ,6628242 ,KB증권(주)
신규상장,KQ,메드팩토,2019-12-19,40000 ,60440000 ,1511000 ,1511000 ,,18.84:1,10097421 ,4834392 ,삼성증권(주)
신규상장,KQ,대신밸런스제8호스팩,2019-12-19,2000 ,10000000 ,5000000 ,5000000 ,,0.68:1,5610000 ,5000000 ,대신증권(주)
신규상장,KQ,다보링크,2019-12-19,2000 ,13000000 ,6500000 ,6500000 ,,0.37:1,6845000 ,6500000 ,유안타증권(주)
신규상장,KQ,브릿지바이오테라퓨틱스,2019-12-20,60000 ,42000000 ,700000 ,700000 ,,33.52:1,5527562 ,3372669 ,"대신증권(주),KB증권(주)"
신규상장,KQ,하이제5호스팩,2019-12-23,2000 ,8500000 ,4250000 ,4250000 ,,0.37:1,5020000 ,3480000 ,하이투자증권(주)
신규상장,KQ,RF머트리얼즈,2019-12-24,13000 ,9100000 ,700000 ,700000 ,,1397.97:1,3465288 ,504984 ,한국투자증권(주)
신규상장,KQ,아이비김영,2019-12-24,2000 ,12000000 ,6000000 ,6000000 ,,1.428:1,6540000 ,6000000 ,엔에이치투자증권주식회사
신규상장,KQ,피피아이,2019-12-26,7000 ,7000000 ,1000000 ,1000000 ,,1147.71:1,9308185 ,6836183 ,미래에셋대우(주)
신규상장,KQ,천랩,2019-12-26,40000 ,17200000 ,43000 ,43000 ,,638.63:1,3808948 ,1494123 ,한국투자증권(주)
신규상장,KQ,한화플러스제1호스팩,2019-12-27,2000 ,8000000 ,4000000 ,4000000 ,,9:1,4710000 ,4000000 ,한화투자증권(주)
신규상장,KQ,하나금융15호스팩,2020-01-30,2000 ,9000000 ,4500000 ,4500000 ,,6.915:1,4710000 ,4500000 ,하나금융투자(주)
신규상장,KQ,케이비제20호스팩,2020-01-30,2000 ,12000000 ,6000000 ,6000000 ,,1.19:1,6501000 ,6000000 ,KB증권(주)
이전상장,KQ,위세아이텍,2020-02-10,12000 ,10200000 ,850000 ,850000 ,,1076.62:1,4292500 ,2432761 ,교보증권(주)
신규상장,KQ,신영스팩6호,2020-02-12,2000 ,8400000 ,4200000 ,4200000 ,,1.67:1,4305000 ,4005745 ,신영증권(주)
신규상장,KQ,서남,2020-02-20,3100 ,10850000 ,3500000 ,3500000 ,,881.6:1,20365160 ,11364632 ,한국투자증권(주)
신규상장,KQ,레몬,2020-02-28,7200 ,29520000 ,4100000 ,4100000 ,,800.07:1,34500000 ,12098465 ,미래에셋대우(주)
신규상장,KQ,켄코아에어로스페이스,2020-03-03,10000 ,13140000 ,1314000 ,1314000 ,,265.68:1,8995904 ,3475677 ,엔에이치투자증권주식회사
신규상장,KQ,제이앤티씨,2020-03-04,11000 ,121000000 ,11000000 ,6000000 ,5000000 ,4.03:1,57848466 ,15154032 ,"신한금융투자(주),유진투자증권(주)"
신규상장,KQ,서울바이오시스,2020-03-06,7500 ,15000000 ,2000000 ,2000000 ,,942.7:1,38223653 ,12267685 ,KB증권(주)
신규상장,KQ,SK6호스팩,2020-03-11,2000 ,11000000 ,5500000 ,5500000 ,,0.36:1,5710000 ,5500000 ,SK증권(주)
신규상장,KQ,플레이디,2020-03-12,8500 ,31359220 ,3689320 ,3689320 ,,864.8:1,12827140 ,2581300 ,KB증권(주)
신규상장,KQ,엔피디,2020-03-16,5400 ,40770000 ,7550000 ,7550000 ,,32.65:1,21535185 ,7372563 ,유안타증권(주)
신규상장,KQ,케이프이에스제4호,2020-03-24,2000 ,5000000 ,2500000 ,2500000 ,,8.72:1,3009000 ,2500000 ,케이프투자증권주식회사
신규상장,KQ,이베스트스팩5호,2020-05-20,2000 ,7000000 ,3500000 ,3500000 ,,0.31:1,3620000 ,3500000 ,이베스트투자증권(주)
신규상장,KQ,드림씨아이에스,2020-05-22,14900 ,20186311 ,1354786 ,1354786 ,,669.217:1,5419150 ,1263846 ,엔에이치투자증권주식회사
신규상장,KQ,에스씨엠생명과학,2020-06-17,17000 ,30600000 ,1800000 ,1800000 ,,814.91:1,11026646 ,3772038 ,한국투자증권(주)
신규상장,KQ,휴럼,2020-06-17,2000 ,7500000 ,3750000 ,3750000 ,,0.78:1,4310000 ,3750000 ,엔에이치투자증권주식회사
신규상장,KQ,HB솔루션,2020-06-22,7800 ,17136600 ,2197000 ,2197000 ,,1552:1,7109450 ,815653 ,미래에셋대우(주)
신규상장,KQ,IBKS제14호스팩,2020-06-22,2000 ,8000000 ,4000000 ,4000000 ,,2.06:1,4330000 ,4000000 ,IBK투자증권(주)
이전상장,KQ,젠큐릭스,2020-06-25,22700 ,18160000 ,800000 ,800000 ,,12.35:1,6216726 ,2892498 ,미래에셋대우(주)
신규상장,KQ,엠브레인,2020-07-01,6800 ,9520000 ,1400000 ,1400000 ,,888.08:1,8968459 ,2480969 ,엔에이치투자증권주식회사
신규상장,KQ,위더스제약,2020-07-03,15900 ,25440000 ,1600000 ,994415 ,605585 ,1082.03:1,8792415 ,1727535 ,"엔에이치투자증권주식회사,삼성증권(주)"
신규상장,KQ,신도기연,2020-07-06,16000 ,20800000 ,1300000 ,1300000 ,,955.01:1,8061280 ,2672642 ,한국투자증권(주)
신규상장,KQ,소마젠,2020-07-13,11000 ,46200000 ,4200000 ,4200000 ,,4.42:1,16861261 ,4800000 ,신한금융투자(주)
신규상장,KQ,IBKS제13호스팩,2020-07-15,2000 ,9500000 ,4750000 ,4750000 ,,11.01:1,5170000 ,4750000 ,IBK투자증권(주)
신규상장,KQ,에이프로,2020-07-16,21600 ,29547007 ,1367917 ,1367917 ,,1582.53:1,6345954 ,3290488 ,엔에이치투자증권주식회사
이전상장,KQ,티에스아이,2020-07-22,10000 ,18470000 ,1847000 ,1385000 ,462000 ,1621.1:1,9267115 ,3500769 ,한국투자증권(주)
신규상장,KQ,솔트룩스,2020-07-23,25000 ,18750000 ,750000 ,750000 ,,953.53:1,5031515 ,2014087 ,한국투자증권(주)
신규상장,KQ,하나금융16호스팩,2020-07-23,,7000000 ,3500000 ,3500000 ,,5.5:1,4010000 ,3500000 ,하나금융투자(주)
이전상장,KQ,제놀루션,2020-07-24,14000 ,11200000 ,800000 ,800000 ,,894.67:1,4065584 ,2255565 ,신영증권(주)
신규상장,KQ,더네이쳐홀딩스,2020-07-27,46000 ,55200000 ,1200000 ,1000000 ,200000 ,151.9:1,7182381 ,3554871 ,한국투자증권(주)
신규상장,KQ,엠투아이,2020-07-29,15600 ,52026000 ,3335000 ,835000 ,2500000 ,176.83:1,8399102 ,3270942 ,미래에셋대우(주)
신규상장,KQ,에이치엠씨제4호스팩,2020-07-29,2000 ,8000000 ,4000000 ,4000000 ,,0.68:1,4310000 ,4000000 ,현대차증권주식회사
이전상장,KQ,이엔드디,2020-07-30,14400 ,33696000 ,2340000 ,2340000 ,,808.62:1,9353300 ,6509669 ,IBK투자증권(주)
신규상장,KQ,와이팜,2020-07-31,11000 ,81710992 ,7428272 ,3714136 ,3714136 ,712.13:1,37141356 ,6910228 ,엔에이치투자증권주식회사
신규상장,KQ,이루다,2020-08-06,9000 ,13500000 ,1500000 ,1200000 ,300000 ,3039.56:1,7065000 ,3234620 ,미래에셋대우(주)
신규상장,KQ,한국파마,2020-08-10,9000 ,29187000 ,3243000 ,1683000 ,1560000 ,2035.74:1,10906701 ,2856218 ,미래에셋대우(주)
신규상장,KQ,영림원소프트랩,2020-08-12,11500 ,19550000 ,1700000 ,1700000 ,,2493:1,8131000 ,4677944 ,미래에셋대우(주)
신규상장,KQ,브랜드엑스코퍼레이션,2020-08-13,13000 ,49363717 ,3797209 ,2278325 ,1518884 ,8.54:1,19062968 ,7462147 ,"대신증권(주),삼성증권(주)"
신규상장,KQ,미투젠,2020-08-18,27000 ,86378400 ,3199200 ,1663600 ,1535600 ,1010.87:1,12889592 ,3406453 ,미래에셋대우(주)
신규상장,KQ,셀레믹스,2020-08-21,20000 ,26400000 ,1320000 ,1320000 ,,1176.62:1,7804083 ,3304230 ,대신증권(주)
신규상장,KQ,아이디피,2020-08-24,9800 ,15680000 ,1600000 ,1270000 ,330000 ,1149.83:1,6636863 ,1932748 ,키움증권(주)
신규상장,KQ,미래에셋대우스팩 5호,2020-08-28,2000 ,9400000 ,4700000 ,4700000 ,,5.8:1,5060000 ,,미래에셋대우(주)
신규상장,KQ,피엔케이피부임상연구센타,2020-09-09,18300 ,40863900 ,2233000 ,1340000 ,893000 ,1727:1,7502644 ,1637549 ,미래에셋대우(주)
신규상장,KQ,카카오게임즈,2020-09-10,24000 ,384000000 ,16000000 ,16000000 ,,1524.85:1,73204731 ,15014460 ,"한국투자증권(주),삼성증권(주)"
신규상장,KQ,이오플로우,2020-09-14,19000 ,26600000 ,1400000 ,1400000 ,,686.71:1,10906640 ,5872355 ,하나금융투자(주)
신규상장,KQ,압타머사이언스,2020-09-16,25000 ,32500000 ,1300000 ,1300000 ,,1251.29:1,8466126 ,3988189 ,키움증권(주)
신규상장,KQ,핌스,2020-09-18,19000 ,38000000 ,2000000 ,1400000 ,600000 ,1162:1,7264943 ,3418724 ,DB금융투자주식회사
신규상장,KQ,교보10호스팩,2020-09-18,2000 ,7500000 ,7500000000 ,3750000 ,,0.1452:1,5320000 ,3750000 ,교보증권(주)
신규상장,KQ,비비씨,2020-09-21,30700 ,36840000 ,1200000 ,946000 ,254000 ,464.2:1,5358683 ,4689261 ,미래에셋대우(주)
신규상장,KQ,박셀바이오,2020-09-22,30000 ,29554800 ,985160 ,985160 ,,96.44:1,7523000 ,3823185 ,하나금융투자(주)
이전상장,KQ,비나텍,2020-09-23,33000 ,19800000 ,600000 ,600000 ,,1386.85:1,4871300 ,2026307 ,대신증권(주)
신규상장,KQ,엔에이치스팩17호,2020-09-23,2000 ,12000000 ,6000000 ,6000000 ,,0.599:1,7010000 ,6000000 ,엔에이치투자증권주식회사
신규상장,KQ,원방테크,2020-09-24,54300 ,69651479 ,1282716 ,384815 ,897901 ,348.77:1,4294143 ,1610831 ,미래에셋대우(주)
신규상장,KQ,넥스틴,2020-10-08,75400 ,24128000 ,320000 ,320000 ,,13.92:1,3134160 ,1296725 ,KB증권(주)
신규상장,KQ,피플바이오,2020-10-19,20000 ,10000000 ,500000 ,500000 ,,51.0757:1,5504470 ,2871091 ,키움증권(주)
이전상장,KQ,미코바이오메드,2020-10-22,15000 ,37500000 ,2500000 ,2500000 ,,41.74:1,16716042 ,10352841 ,KB증권(주)
신규상장,KQ,바이브컴퍼니,2020-10-28,28000 ,18200000 ,650000 ,650000 ,,1266.22:1,5394170 ,2291791 ,한국투자증권(주)
신규상장,KQ,센코,2020-10-29,13000 ,20956000 ,1612000 ,1325000 ,287000 ,366.42:1,7770644 ,2663357 ,한국투자증권(주)
신규상장,KQ,위드텍,2020-10-30,25000 ,26500000 ,1060000 ,1060000 ,,1185.51:1,5091800 ,693015 ,하나금융투자(주)
신규상장,KQ,소룩스,2020-11-06,10000 ,19736700 ,1973670 ,1619790 ,353880 ,1660.08:1,8158160 ,1943415 ,미래에셋대우(주)
신규상장,KQ,네패스아크,2020-11-17,26500 ,62020600 ,2340400 ,2340400 ,,830.21:1,8626115 ,2369146 ,미래에셋대우(주)
신규상장,KQ,고바이오랩,2020-11-18,15000 ,30000000 ,2000000 ,2000000 ,,547:1,15415766 ,4226248 ,"대신증권(주),삼성증권(주)"
신규상장,KQ,티앤엘,2020-11-20,36000 ,28800000 ,800000 ,800000 ,,1109.19:1,4064000 ,1621101 ,한국투자증권(주)
신규상장,KQ,하나기술,2020-11-25,35000 ,28000000 ,800000 ,800000 ,,1802.1:1,3234533 ,1058725 ,하나금융투자(주)
신규상장,KQ,제일전기공업,2020-11-26,17000 ,49300000 ,2900000 ,1450000 ,1450000 ,1396.1:1,11110000 ,2277088 ,하나금융투자(주)
신규상장,KQ,앱코,2020-12-02,24300 ,60920100 ,2507000 ,2007000 ,500000 ,978.14:1,9688732 ,4120307 ,미래에셋대우(주)
신규상장,KQ,엔에프씨,2020-12-02,13400 ,26800000 ,2000000 ,2000000 ,,643.9:1,8690000 ,2708324 ,삼성증권(주)
신규상장,KQ,포인트모바일,2020-12-03,15000 ,16423095 ,1094873 ,925200 ,169673 ,1842.97:1,6165000 ,2003435 ,하나금융투자(주)
신규상장,KQ,클리노믹스,2020-12-04,13900 ,27415290 ,1972323 ,1972323 ,,341.46:1,13205141 ,5981077 ,대신증권(주)
신규상장,KQ,퀀타매트릭스,2020-12-09,25500 ,43528500 ,1707000 ,1707000 ,,167.87:1,14589324 ,5821658 ,미래에셋대우(주)
신규상장,KQ,DB금융스팩8호,2020-12-09,2000 ,10000000 ,5000000 ,5000000 ,,0.7158:1,6050000 ,5000000 ,DB금융투자주식회사
신규상장,KQ,엔젠바이오,2020-12-10,14000 ,34216000 ,2444000 ,2444000 ,,1502.4:1,12215562 ,4451576 ,삼성증권(주)
신규상장,KQ,인바이오,2020-12-11,5800 ,9454000 ,1630000 ,1630000 ,,1414.15:1,10084400 ,4229175 ,한국투자증권(주)
신규상장,KQ,티엘비,2020-12-14,38000 ,38000000 ,1000000 ,890000 ,110000 ,1640.86:1,4916315 ,1042230 ,DB금융투자주식회사
신규상장,KQ,에이치엠씨제5호스팩,2020-12-16,2000 ,10000000 ,5000000 ,5000000 ,,0.51:1,5115000 ,5000000 ,현대차증권주식회사
이전상장,KQ,에프앤가이드,2020-12-17,7000 ,11383330 ,1626190 ,988449 ,637741 ,1353.9:1,12037235 ,4508185 ,신영증권(주)
신규상장,KQ,알체라,2020-12-21,10000 ,20000000 ,2000000 ,2000000 ,,1322.58:1,13368794 ,4756799 ,신영증권(주)
신규상장,KQ,엔에이치스팩18호,2020-12-21,2000 ,7000000 ,3500000 ,3500000 ,,6.817:1,4600000 ,3500000 ,엔에이치투자증권주식회사
신규상장,KQ,프리시젼바이오,2020-12-22,12500 ,18750000 ,1500000 ,1500000 ,,1557.29:1,11243846 ,6018496 ,한국투자증권(주)
이전상장,KQ,지놈앤컴퍼니,2020-12-23,40000 ,80000000 ,2000000 ,1806260 ,193740 ,1175.1:1,13188237 ,5106280 ,한국투자증권(주)
신규상장,KQ,석경에이티,2020-12-23,10000 ,10000000 ,1000000 ,1000000 ,,1751.58:1,5455000 ,3021676 ,한국투자증권(주)
신규상장,KQ,대신밸런스제9호스팩,2020-12-23,2000 ,7000000 ,3500000 ,3500000 ,,5.31:1,4210000 ,3500000 ,대신증권(주)
신규상장,KQ,유안타제7호스팩,2020-12-28,2000 ,8700000 ,4350000 ,4350000 ,,0.22:1,5500000 ,4350000 ,유안타증권(주)
신규상장,KQ,엔비티,2021-01-21,19000 ,15808000 ,832000 ,832000 ,,4398:1,8314948 ,2646152 ,미래에셋대우(주)
신규상장,KQ,한국9호스팩,2021-01-21,2000 ,8000000 ,4000000 ,4000000 ,,46.54:1,4810000 ,4000000 ,한국투자증권(주)
신규상장,KQ,선진뷰티사이언스,2021-01-27,11500 ,21102500 ,1835000 ,1225000 ,610000 ,1987.74:1,6115650 ,1474956 ,"신한금융투자(주),삼성증권(주)"
신규상장,KQ,모비릭스,2021-01-28,14000 ,25200000 ,1800000 ,1800000 ,,1485.51:1,9279000 ,,한국투자증권(주)
신규상장,KQ,씨앤투스성진,2021-01-28,32000 ,51200000 ,1600000 ,1600000 ,,674:1,9191670 ,5081580 ,미래에셋대우(주)
신규상장,KQ,핑거,2021-01-29,16000 ,20800000 ,1300000 ,1000000 ,300000 ,900.01:1,8839014 ,4278066 ,대신증권(주)
신규상장,KQ,레인보우로보틱스,2021-02-03,10000 ,26500000 ,2650000 ,2650000 ,,1201.26:1,15584500 ,4475547 ,"대신증권(주),미래에셋대우(주)"
신규상장,KQ,와이더플래닛,2021-02-03,16000 ,16000000 ,1000000 ,1000000 ,,1357.98:1,6763282 ,,한국투자증권(주)
신규상장,KQ,신한제7호스팩,2021-02-04,2000 ,8000000 ,4000000 ,4000000 ,,7.45:1,4550000 ,4000000 ,신한금융투자(주)
신규상장,KQ,아이퀘스트,2021-02-05,11000 ,22000000 ,2000000 ,,2000000 ,2853.1:1,9860000 ,2059358 ,미래에셋대우(주)
신규상장,KQ,하나금융17호스팩,2021-02-10,2000 ,12000000 ,6000000 ,6000000 ,,84.78:1,6810000 ,6000000 ,하나금융투자(주)
이전상장,KQ,피엔에이치테크,2021-02-16,18000 ,12384000 ,688000 ,500000 ,188000 ,1528.76:1,4516016 ,1991397 ,한국투자증권(주)
이전상장,KQ,씨이랩,2021-02-24,35000 ,22750000 ,650000 ,650000 ,,3990.63:1,2956642 ,1040268 ,IBK투자증권(주)
신규상장,KQ,오로스테크놀로지,2021-02-24,21000 ,39900000 ,1900000 ,1900000 ,,1033.82:1,9309542 ,1301984 ,키움증권(주)
신규상장,KQ,유일에너테크,2021-02-25,16000 ,38643200 ,2415200 ,1718150 ,697050 ,683.55:1,10590044 ,2218509 ,신영증권(주)
신규상장,KQ,뷰노,2021-02-26,21000 ,37800000 ,1800000 ,1800000 ,,1102.68:1,10825069 ,3808727 ,"미래에셋대우(주),삼성증권(주)"
신규상장,KQ,IBKS제15호스팩,2021-02-26,2000 ,6400000 ,3200000 ,3200000 ,,101.7:1,3520000 ,3200000 ,IBK투자증권(주)
신규상장,KQ,하나머스트7호스팩,2021-03-05,2000 ,7000000 ,3500000 ,3500000 ,,237.42:1,4304000 ,3500000 ,하나금융투자(주)
신규상장,KQ,나노씨엠에스,2021-03-09,20000 ,16000000 ,800000 ,800000 ,,1243.48:1,3942587 ,1690509 ,키움증권(주)
신규상장,KQ,프레스티지바이오로직스,2021-03-11,12400 ,91140000 ,7350000 ,7350000 ,,126.06:1,42851915 ,19183312 ,"미래에셋대우(주),유안타증권(주)"
신규상장,KQ,싸이버원,2021-03-11,9500 ,12929500 ,1361000 ,600000 ,761000 ,1880.42:1,4640830 ,1524945 ,키움증권(주)
신규상장,KQ,DB금융스팩9호,2021-03-16,2000 ,8000000 ,4000000 ,4000000 ,,8.56:1,4840000 ,3927452 ,DB금융투자주식회사
신규상장,KQ,네오이뮨텍(Reg.S),2021-03-16,7500 ,112500000 ,15000000 ,15000000 ,,664.65:1,98392010 ,19557360 ,"미래에셋대우(주),하나금융투자(주)"
신규상장,KQ,바이오다인,2021-03-17,30000 ,30000000 ,1000000 ,1000000 ,,48:1,5918200 ,1897600 ,대신증권(주)
신규상장,KQ,라이프시맨틱스,2021-03-23,12500 ,12500000 ,1000000 ,1000000 ,,1774.57:1,9776917 ,4550204 ,한국투자증권(주)
신규상장,KQ,자이언트스텝,2021-03-24,11000 ,15400000 ,1400000 ,1400000 ,,2342:1,9427965 ,2452991 ,한국투자증권(주)
신규상장,KQ,제노코,2021-03-24,36000 ,17640000 ,490000 ,490000 ,,2095.46:1,2442140 ,786802 ,DB금융투자주식회사
